ISO-10303-21;
HEADER;
/* Generated by software containing ST-Developer
 * from STEP Tools, Inc. (www.steptools.com) 
 */

FILE_DESCRIPTION(
/* description */ (''),
/* implementation_level */ '2;1');

FILE_NAME(
/* name */ 
'C:\\_VaultWorkspace\\Designs\\Customer files\\STEP\\B-K-T\\ECZ.1B.310.
ZZN.stp',
/* time_stamp */ '2021-05-27T15:38:46+02:00',
/* author */ ('jmig'),
/* organization */ ('LEMO.SA'),
/* preprocessor_version */ 'ST-DEVELOPER v18.1',
/* originating_system */ 'Autodesk Inventor 2020',
/* authorisation */ '');

FILE_SCHEMA (('AUTOMOTIVE_DESIGN { 1 0 10303 214 3 1 1 }'));
ENDSEC;

DATA;
#10=MECHANICAL_DESIGN_GEOMETRIC_PRESENTATION_REPRESENTATION('',(#2308,#2309,
#2310,#2311,#2312,#2313,#2314,#2315,#2316,#2317,#2318,#2319,#2320,#2321,
#2322,#2323,#2324,#2325,#2326,#2327,#2328,#2329,#2330,#2331,#2332,#2333,
#2334,#2335,#2336,#2337,#2338,#2339,#2340,#2341,#2342,#2343,#2344,#2345,
#2346,#2347,#2348,#2349,#2350,#2351,#2352,#2353,#2354,#2355,#2356,#2357,
#2358,#2359,#2360,#2361,#2362,#2363,#2364,#2365,#2366,#2367,#2368,#2369,
#2370,#2371,#2372,#2373,#2374,#2375,#2376,#2377),#4814);
#11=ITEM_DEFINED_TRANSFORMATION($,$,#2636,#2976);
#12=ITEM_DEFINED_TRANSFORMATION($,$,#2834,#2977);
#13=ITEM_DEFINED_TRANSFORMATION($,$,#2917,#2978);
#14=(
REPRESENTATION_RELATIONSHIP($,$,#4831,#4830)
REPRESENTATION_RELATIONSHIP_WITH_TRANSFORMATION(#11)
SHAPE_REPRESENTATION_RELATIONSHIP()
);
#15=(
REPRESENTATION_RELATIONSHIP($,$,#4832,#4830)
REPRESENTATION_RELATIONSHIP_WITH_TRANSFORMATION(#12)
SHAPE_REPRESENTATION_RELATIONSHIP()
);
#16=(
REPRESENTATION_RELATIONSHIP($,$,#4833,#4830)
REPRESENTATION_RELATIONSHIP_WITH_TRANSFORMATION(#13)
SHAPE_REPRESENTATION_RELATIONSHIP()
);
#17=CONTEXT_DEPENDENT_SHAPE_REPRESENTATION(#14,#4827);
#18=CONTEXT_DEPENDENT_SHAPE_REPRESENTATION(#15,#4828);
#19=CONTEXT_DEPENDENT_SHAPE_REPRESENTATION(#16,#4829);
#20=NEXT_ASSEMBLY_USAGE_OCCURRENCE('ECZ.1B.310.ZZN:1',
'ECZ.1B.310.ZZN:1','ECZ.1B.310.ZZN:1',#4835,#4836,'ECZ.1B.310.ZZN:1');
#21=NEXT_ASSEMBLY_USAGE_OCCURRENCE('GEG.1S.240.LZ:1','GEG.1S.240.LZ:1',
'GEG.1S.240.LZ:1',#4835,#4837,'GEG.1S.240.LZ:1');
#22=NEXT_ASSEMBLY_USAGE_OCCURRENCE('GEA.1S.240.LZ:1','GEA.1S.240.LZ:1',
'GEA.1S.240.LZ:1',#4835,#4838,'GEA.1S.240.LZ:1');
#23=SHAPE_REPRESENTATION_RELATIONSHIP('SRR','None',#4831,#26);
#24=SHAPE_REPRESENTATION_RELATIONSHIP('SRR','None',#4832,#27);
#25=SHAPE_REPRESENTATION_RELATIONSHIP('SRR','None',#4833,#28);
#26=ADVANCED_BREP_SHAPE_REPRESENTATION('',(#29),#4811);
#27=ADVANCED_BREP_SHAPE_REPRESENTATION('',(#30),#4812);
#28=ADVANCED_BREP_SHAPE_REPRESENTATION('',(#31),#4813);
#29=MANIFOLD_SOLID_BREP('Solid3',#2515);
#30=MANIFOLD_SOLID_BREP('Solide1',#2516);
#31=MANIFOLD_SOLID_BREP('Solide1',#2517);
#32=FACE_BOUND('',#369,.T.);
#33=FACE_BOUND('',#370,.T.);
#34=FACE_BOUND('',#371,.T.);
#35=FACE_BOUND('',#372,.T.);
#36=FACE_BOUND('',#373,.T.);
#37=FACE_BOUND('',#374,.T.);
#38=FACE_BOUND('',#375,.T.);
#39=FACE_BOUND('',#376,.T.);
#40=FACE_BOUND('',#377,.T.);
#41=FACE_BOUND('',#378,.T.);
#42=FACE_BOUND('',#384,.T.);
#43=FACE_BOUND('',#408,.T.);
#44=FACE_BOUND('',#431,.T.);
#45=FACE_BOUND('',#457,.T.);
#46=FACE_BOUND('',#460,.T.);
#47=TOROIDAL_SURFACE('',#2661,0.45,0.200000000000003);
#48=TOROIDAL_SURFACE('',#2677,0.45,0.200000000000003);
#49=TOROIDAL_SURFACE('',#2693,0.45,0.200000000000003);
#50=TOROIDAL_SURFACE('',#2709,0.45,0.200000000000003);
#51=TOROIDAL_SURFACE('',#2725,0.45,0.200000000000003);
#52=TOROIDAL_SURFACE('',#2741,0.45,0.200000000000003);
#53=TOROIDAL_SURFACE('',#2757,0.45,0.200000000000003);
#54=TOROIDAL_SURFACE('',#2773,0.45,0.200000000000003);
#55=TOROIDAL_SURFACE('',#2789,0.45,0.200000000000003);
#56=TOROIDAL_SURFACE('',#2805,0.45,0.200000000000003);
#57=PLANE('',#2649);
#58=PLANE('',#2656);
#59=PLANE('',#2672);
#60=PLANE('',#2688);
#61=PLANE('',#2704);
#62=PLANE('',#2720);
#63=PLANE('',#2736);
#64=PLANE('',#2752);
#65=PLANE('',#2768);
#66=PLANE('',#2784);
#67=PLANE('',#2800);
#68=PLANE('',#2812);
#69=PLANE('',#2814);
#70=PLANE('',#2819);
#71=PLANE('',#2821);
#72=PLANE('',#2825);
#73=PLANE('',#2838);
#74=PLANE('',#2845);
#75=PLANE('',#2852);
#76=PLANE('',#2859);
#77=PLANE('',#2865);
#78=PLANE('',#2866);
#79=PLANE('',#2883);
#80=PLANE('',#2888);
#81=PLANE('',#2896);
#82=PLANE('',#2897);
#83=PLANE('',#2898);
#84=PLANE('',#2899);
#85=PLANE('',#2908);
#86=PLANE('',#2910);
#87=PLANE('',#2956);
#88=PLANE('',#2958);
#89=PLANE('',#2959);
#90=PLANE('',#2966);
#91=PLANE('',#2969);
#92=PLANE('',#2971);
#93=PLANE('',#2973);
#94=PLANE('',#2975);
#95=(
BOUNDED_CURVE()
B_SPLINE_CURVE(2,(#3816,#3817,#3818),.UNSPECIFIED.,.F.,.F.)
B_SPLINE_CURVE_WITH_KNOTS((3,3),(0.,0.600000000000002),.UNSPECIFIED.)
CURVE()
GEOMETRIC_REPRESENTATION_ITEM()
RATIONAL_B_SPLINE_CURVE((1.,1.14285714285714,1.))
REPRESENTATION_ITEM('')
);
#96=(
BOUNDED_CURVE()
B_SPLINE_CURVE(2,(#3822,#3823,#3824),.UNSPECIFIED.,.F.,.F.)
B_SPLINE_CURVE_WITH_KNOTS((3,3),(0.,0.3),.UNSPECIFIED.)
CURVE()
GEOMETRIC_REPRESENTATION_ITEM()
RATIONAL_B_SPLINE_CURVE((1.,1.07142857142857,1.07142857142857))
REPRESENTATION_ITEM('')
);
#97=(
BOUNDED_CURVE()
B_SPLINE_CURVE(2,(#3826,#3827,#3828),.UNSPECIFIED.,.F.,.F.)
B_SPLINE_CURVE_WITH_KNOTS((3,3),(0.3,0.600000000000002),.UNSPECIFIED.)
CURVE()
GEOMETRIC_REPRESENTATION_ITEM()
RATIONAL_B_SPLINE_CURVE((1.07142857142857,1.07142857142857,1.))
REPRESENTATION_ITEM('')
);
#98=(
BOUNDED_CURVE()
B_SPLINE_CURVE(2,(#4177,#4178,#4179),.UNSPECIFIED.,.F.,.F.)
B_SPLINE_CURVE_WITH_KNOTS((3,3),(0.,0.229531710052648),.UNSPECIFIED.)
CURVE()
GEOMETRIC_REPRESENTATION_ITEM()
RATIONAL_B_SPLINE_CURVE((1.,1.01911715404192,1.))
REPRESENTATION_ITEM('')
);
#99=(
BOUNDED_CURVE()
B_SPLINE_CURVE(2,(#4181,#4182,#4183),.UNSPECIFIED.,.F.,.F.)
B_SPLINE_CURVE_WITH_KNOTS((3,3),(0.,0.229531710052648),.UNSPECIFIED.)
CURVE()
GEOMETRIC_REPRESENTATION_ITEM()
RATIONAL_B_SPLINE_CURVE((1.,1.01911715404192,1.))
REPRESENTATION_ITEM('')
);
#100=(
BOUNDED_CURVE()
B_SPLINE_CURVE(2,(#4190,#4191,#4192),.UNSPECIFIED.,.F.,.F.)
B_SPLINE_CURVE_WITH_KNOTS((3,3),(0.,0.229531710052646),.UNSPECIFIED.)
CURVE()
GEOMETRIC_REPRESENTATION_ITEM()
RATIONAL_B_SPLINE_CURVE((1.,1.01911715404192,1.))
REPRESENTATION_ITEM('')
);
#101=(
BOUNDED_CURVE()
B_SPLINE_CURVE(2,(#4195,#4196,#4197),.UNSPECIFIED.,.F.,.F.)
B_SPLINE_CURVE_WITH_KNOTS((3,3),(0.,0.229531710052646),.UNSPECIFIED.)
CURVE()
GEOMETRIC_REPRESENTATION_ITEM()
RATIONAL_B_SPLINE_CURVE((1.,1.01911715404191,1.))
REPRESENTATION_ITEM('')
);
#102=(
BOUNDED_CURVE()
B_SPLINE_CURVE(2,(#4398,#4399,#4400),.UNSPECIFIED.,.F.,.F.)
B_SPLINE_CURVE_WITH_KNOTS((3,3),(0.0439051602526159,0.155816439667435),
 .UNSPECIFIED.)
CURVE()
GEOMETRIC_REPRESENTATION_ITEM()
RATIONAL_B_SPLINE_CURVE((1.0006007472113,1.00109506518685,1.00020626115534))
REPRESENTATION_ITEM('')
);
#103=(
BOUNDED_CURVE()
B_SPLINE_CURVE(2,(#4474,#4475,#4476),.UNSPECIFIED.,.F.,.F.)
B_SPLINE_CURVE_WITH_KNOTS((3,3),(0.0439051602471443,0.155816439665554),
 .UNSPECIFIED.)
CURVE()
GEOMETRIC_REPRESENTATION_ITEM()
RATIONAL_B_SPLINE_CURVE((1.00060074721482,1.00109506519339,1.00020626115659))
REPRESENTATION_ITEM('')
);
#104=(
BOUNDED_CURVE()
B_SPLINE_CURVE(2,(#4514,#4515,#4516),.UNSPECIFIED.,.F.,.F.)
B_SPLINE_CURVE_WITH_KNOTS((3,3),(0.0439051602557395,0.155816439668398),
 .UNSPECIFIED.)
CURVE()
GEOMETRIC_REPRESENTATION_ITEM()
RATIONAL_B_SPLINE_CURVE((1.00060074720653,1.00109506517808,1.00020626115368))
REPRESENTATION_ITEM('')
);
#105=(
BOUNDED_CURVE()
B_SPLINE_CURVE(2,(#4573,#4574,#4575),.UNSPECIFIED.,.F.,.F.)
B_SPLINE_CURVE_WITH_KNOTS((3,3),(0.0119864726702351,0.123897752088723),
 .UNSPECIFIED.)
CURVE()
GEOMETRIC_REPRESENTATION_ITEM()
RATIONAL_B_SPLINE_CURVE((1.00020626115699,1.00109506519552,1.00060074721599))
REPRESENTATION_ITEM('')
);
#106=(
BOUNDED_CURVE()
B_SPLINE_CURVE(2,(#4577,#4578,#4579),.UNSPECIFIED.,.F.,.F.)
B_SPLINE_CURVE_WITH_KNOTS((3,3),(0.0119864726683645,0.123897752083234),
 .UNSPECIFIED.)
CURVE()
GEOMETRIC_REPRESENTATION_ITEM()
RATIONAL_B_SPLINE_CURVE((1.0002062611556,1.00109506518826,1.00060074721208))
REPRESENTATION_ITEM('')
);
#107=(
BOUNDED_CURVE()
B_SPLINE_CURVE(2,(#4581,#4582,#4583),.UNSPECIFIED.,.F.,.F.)
B_SPLINE_CURVE_WITH_KNOTS((3,3),(0.0439051602471336,0.155816439665561),
 .UNSPECIFIED.)
CURVE()
GEOMETRIC_REPRESENTATION_ITEM()
RATIONAL_B_SPLINE_CURVE((1.00060074721508,1.00109506519385,1.00020626115668))
REPRESENTATION_ITEM('')
);
#108=(
BOUNDED_CURVE()
B_SPLINE_CURVE(2,(#4585,#4586,#4587),.UNSPECIFIED.,.F.,.F.)
B_SPLINE_CURVE_WITH_KNOTS((3,3),(0.0119864726702399,0.123897752088714),
 .UNSPECIFIED.)
CURVE()
GEOMETRIC_REPRESENTATION_ITEM()
RATIONAL_B_SPLINE_CURVE((1.00020626115693,1.00109506519516,1.00060074721579))
REPRESENTATION_ITEM('')
);
#109=(
BOUNDED_CURVE()
B_SPLINE_CURVE(2,(#4590,#4591,#4592),.UNSPECIFIED.,.F.,.F.)
B_SPLINE_CURVE_WITH_KNOTS((3,3),(0.0119864726674201,0.123897752080078),
 .UNSPECIFIED.)
CURVE()
GEOMETRIC_REPRESENTATION_ITEM()
RATIONAL_B_SPLINE_CURVE((1.00020626115367,1.00109506517808,1.00060074720653))
REPRESENTATION_ITEM('')
);
#110=(
BOUNDED_CURVE()
B_SPLINE_CURVE(2,(#4619,#4620,#4621),.UNSPECIFIED.,.F.,.F.)
B_SPLINE_CURVE_WITH_KNOTS((3,3),(0.,0.367988664475297),.UNSPECIFIED.)
CURVE()
GEOMETRIC_REPRESENTATION_ITEM()
RATIONAL_B_SPLINE_CURVE((1.,1.03164224142178,1.))
REPRESENTATION_ITEM('')
);
#111=(
BOUNDED_CURVE()
B_SPLINE_CURVE(2,(#4625,#4626,#4627),.UNSPECIFIED.,.F.,.F.)
B_SPLINE_CURVE_WITH_KNOTS((3,3),(0.367988664475297,0.735977328950595),
 .UNSPECIFIED.)
CURVE()
GEOMETRIC_REPRESENTATION_ITEM()
RATIONAL_B_SPLINE_CURVE((1.,1.03164224142178,1.))
REPRESENTATION_ITEM('')
);
#112=(
BOUNDED_CURVE()
B_SPLINE_CURVE(2,(#4632,#4633,#4634),.UNSPECIFIED.,.F.,.F.)
B_SPLINE_CURVE_WITH_KNOTS((3,3),(0.367988664475298,0.735977328950596),
 .UNSPECIFIED.)
CURVE()
GEOMETRIC_REPRESENTATION_ITEM()
RATIONAL_B_SPLINE_CURVE((1.,1.03164224142175,1.))
REPRESENTATION_ITEM('')
);
#113=(
BOUNDED_CURVE()
B_SPLINE_CURVE(2,(#4637,#4638,#4639),.UNSPECIFIED.,.F.,.F.)
B_SPLINE_CURVE_WITH_KNOTS((3,3),(0.,0.367988664475297),.UNSPECIFIED.)
CURVE()
GEOMETRIC_REPRESENTATION_ITEM()
RATIONAL_B_SPLINE_CURVE((1.,1.03164224142178,1.))
REPRESENTATION_ITEM('')
);
#114=(
BOUNDED_CURVE()
B_SPLINE_CURVE(2,(#4644,#4645,#4646),.UNSPECIFIED.,.F.,.F.)
B_SPLINE_CURVE_WITH_KNOTS((3,3),(0.367988664475298,0.735977328950595),
 .UNSPECIFIED.)
CURVE()
GEOMETRIC_REPRESENTATION_ITEM()
RATIONAL_B_SPLINE_CURVE((1.,1.03164224142177,1.))
REPRESENTATION_ITEM('')
);
#115=(
BOUNDED_CURVE()
B_SPLINE_CURVE(2,(#4649,#4650,#4651),.UNSPECIFIED.,.F.,.F.)
B_SPLINE_CURVE_WITH_KNOTS((3,3),(0.,0.367988664475298),.UNSPECIFIED.)
CURVE()
GEOMETRIC_REPRESENTATION_ITEM()
RATIONAL_B_SPLINE_CURVE((1.,1.03164224142176,1.))
REPRESENTATION_ITEM('')
);
#116=(
BOUNDED_CURVE()
B_SPLINE_CURVE(2,(#4656,#4657,#4658),.UNSPECIFIED.,.F.,.F.)
B_SPLINE_CURVE_WITH_KNOTS((3,3),(0.,0.367988664475297),.UNSPECIFIED.)
CURVE()
GEOMETRIC_REPRESENTATION_ITEM()
RATIONAL_B_SPLINE_CURVE((1.,1.03164224142175,1.))
REPRESENTATION_ITEM('')
);
#117=(
BOUNDED_CURVE()
B_SPLINE_CURVE(2,(#4661,#4662,#4663),.UNSPECIFIED.,.F.,.F.)
B_SPLINE_CURVE_WITH_KNOTS((3,3),(0.367988664475297,0.735977328950594),
 .UNSPECIFIED.)
CURVE()
GEOMETRIC_REPRESENTATION_ITEM()
RATIONAL_B_SPLINE_CURVE((1.,1.03164224142175,1.))
REPRESENTATION_ITEM('')
);
#118=(
BOUNDED_CURVE()
B_SPLINE_CURVE(2,(#4668,#4669,#4670),.UNSPECIFIED.,.F.,.F.)
B_SPLINE_CURVE_WITH_KNOTS((3,3),(0.367988664475297,0.735977328950595),
 .UNSPECIFIED.)
CURVE()
GEOMETRIC_REPRESENTATION_ITEM()
RATIONAL_B_SPLINE_CURVE((1.,1.03164224142177,1.))
REPRESENTATION_ITEM('')
);
#119=(
BOUNDED_CURVE()
B_SPLINE_CURVE(2,(#4673,#4674,#4675),.UNSPECIFIED.,.F.,.F.)
B_SPLINE_CURVE_WITH_KNOTS((3,3),(0.,0.367988664475298),.UNSPECIFIED.)
CURVE()
GEOMETRIC_REPRESENTATION_ITEM()
RATIONAL_B_SPLINE_CURVE((1.,1.03164224142177,1.))
REPRESENTATION_ITEM('')
);
#120=(
BOUNDED_CURVE()
B_SPLINE_CURVE(2,(#4679,#4680,#4681),.UNSPECIFIED.,.F.,.F.)
B_SPLINE_CURVE_WITH_KNOTS((3,3),(0.,0.367988664475297),.UNSPECIFIED.)
CURVE()
GEOMETRIC_REPRESENTATION_ITEM()
RATIONAL_B_SPLINE_CURVE((1.,1.03164224142176,1.))
REPRESENTATION_ITEM('')
);
#121=(
BOUNDED_CURVE()
B_SPLINE_CURVE(2,(#4684,#4685,#4686),.UNSPECIFIED.,.F.,.F.)
B_SPLINE_CURVE_WITH_KNOTS((3,3),(0.367988664475297,0.735977328950595),
 .UNSPECIFIED.)
CURVE()
GEOMETRIC_REPRESENTATION_ITEM()
RATIONAL_B_SPLINE_CURVE((1.,1.03164224142177,1.))
REPRESENTATION_ITEM('')
);
#122=(
BOUNDED_CURVE()
B_SPLINE_CURVE(2,(#4691,#4692,#4693),.UNSPECIFIED.,.F.,.F.)
B_SPLINE_CURVE_WITH_KNOTS((3,3),(0.,0.367988664475297),.UNSPECIFIED.)
CURVE()
GEOMETRIC_REPRESENTATION_ITEM()
RATIONAL_B_SPLINE_CURVE((1.,1.03164224142177,1.))
REPRESENTATION_ITEM('')
);
#123=(
BOUNDED_CURVE()
B_SPLINE_CURVE(2,(#4697,#4698,#4699),.UNSPECIFIED.,.F.,.F.)
B_SPLINE_CURVE_WITH_KNOTS((3,3),(0.367988664475298,0.735977328950596),
 .UNSPECIFIED.)
CURVE()
GEOMETRIC_REPRESENTATION_ITEM()
RATIONAL_B_SPLINE_CURVE((1.,1.03164224142176,1.))
REPRESENTATION_ITEM('')
);
#124=(
BOUNDED_CURVE()
B_SPLINE_CURVE(2,(#4704,#4705,#4706),.UNSPECIFIED.,.F.,.F.)
B_SPLINE_CURVE_WITH_KNOTS((3,3),(0.,0.367988664475297),.UNSPECIFIED.)
CURVE()
GEOMETRIC_REPRESENTATION_ITEM()
RATIONAL_B_SPLINE_CURVE((1.,1.03164224142176,1.))
REPRESENTATION_ITEM('')
);
#125=(
BOUNDED_CURVE()
B_SPLINE_CURVE(2,(#4709,#4710,#4711),.UNSPECIFIED.,.F.,.F.)
B_SPLINE_CURVE_WITH_KNOTS((3,3),(0.367988664475297,0.735977328950594),
 .UNSPECIFIED.)
CURVE()
GEOMETRIC_REPRESENTATION_ITEM()
RATIONAL_B_SPLINE_CURVE((1.,1.03164224142178,1.))
REPRESENTATION_ITEM('')
);
#126=(
BOUNDED_CURVE()
B_SPLINE_CURVE(2,(#4716,#4717,#4718),.UNSPECIFIED.,.F.,.F.)
B_SPLINE_CURVE_WITH_KNOTS((3,3),(0.367988664475297,0.735977328950594),
 .UNSPECIFIED.)
CURVE()
GEOMETRIC_REPRESENTATION_ITEM()
RATIONAL_B_SPLINE_CURVE((1.,1.03164224142176,1.))
REPRESENTATION_ITEM('')
);
#127=(
BOUNDED_CURVE()
B_SPLINE_CURVE(2,(#4721,#4722,#4723),.UNSPECIFIED.,.F.,.F.)
B_SPLINE_CURVE_WITH_KNOTS((3,3),(0.,0.367988664475298),.UNSPECIFIED.)
CURVE()
GEOMETRIC_REPRESENTATION_ITEM()
RATIONAL_B_SPLINE_CURVE((1.,1.03164224142176,1.))
REPRESENTATION_ITEM('')
);
#128=(
BOUNDED_CURVE()
B_SPLINE_CURVE(2,(#4728,#4729,#4730),.UNSPECIFIED.,.F.,.F.)
B_SPLINE_CURVE_WITH_KNOTS((3,3),(0.367988664475298,0.735977328950595),
 .UNSPECIFIED.)
CURVE()
GEOMETRIC_REPRESENTATION_ITEM()
RATIONAL_B_SPLINE_CURVE((1.,1.03164224142174,1.))
REPRESENTATION_ITEM('')
);
#129=(
BOUNDED_CURVE()
B_SPLINE_CURVE(2,(#4733,#4734,#4735),.UNSPECIFIED.,.F.,.F.)
B_SPLINE_CURVE_WITH_KNOTS((3,3),(0.,0.367988664475297),.UNSPECIFIED.)
CURVE()
GEOMETRIC_REPRESENTATION_ITEM()
RATIONAL_B_SPLINE_CURVE((1.,1.03164224142176,1.))
REPRESENTATION_ITEM('')
);
#130=(
BOUNDED_CURVE()
B_SPLINE_CURVE(2,(#4739,#4740,#4741),.UNSPECIFIED.,.F.,.F.)
B_SPLINE_CURVE_WITH_KNOTS((3,3),(0.367988664475297,0.735977328950594),
 .UNSPECIFIED.)
CURVE()
GEOMETRIC_REPRESENTATION_ITEM()
RATIONAL_B_SPLINE_CURVE((1.,1.03164224142176,1.))
REPRESENTATION_ITEM('')
);
#131=(
BOUNDED_CURVE()
B_SPLINE_CURVE(2,(#4745,#4746,#4747),.UNSPECIFIED.,.F.,.F.)
B_SPLINE_CURVE_WITH_KNOTS((3,3),(0.,0.367988664475298),.UNSPECIFIED.)
CURVE()
GEOMETRIC_REPRESENTATION_ITEM()
RATIONAL_B_SPLINE_CURVE((1.,1.03164224142176,1.))
REPRESENTATION_ITEM('')
);
#132=(
BOUNDED_CURVE()
B_SPLINE_CURVE(2,(#4751,#4752,#4753),.UNSPECIFIED.,.F.,.F.)
B_SPLINE_CURVE_WITH_KNOTS((3,3),(0.367988664475298,0.735977328950596),
 .UNSPECIFIED.)
CURVE()
GEOMETRIC_REPRESENTATION_ITEM()
RATIONAL_B_SPLINE_CURVE((1.,1.03164224142176,1.))
REPRESENTATION_ITEM('')
);
#133=(
BOUNDED_CURVE()
B_SPLINE_CURVE(2,(#4756,#4757,#4758),.UNSPECIFIED.,.F.,.F.)
B_SPLINE_CURVE_WITH_KNOTS((3,3),(0.,0.367988664475298),.UNSPECIFIED.)
CURVE()
GEOMETRIC_REPRESENTATION_ITEM()
RATIONAL_B_SPLINE_CURVE((1.,1.03164224142176,1.))
REPRESENTATION_ITEM('')
);
#134=CONICAL_SURFACE('',#2643,5.575,0.785398163397448);
#135=CONICAL_SURFACE('',#2652,0.200000000000001,0.785398163397448);
#136=CONICAL_SURFACE('',#2666,0.361789321881346,0.785398163397444);
#137=CONICAL_SURFACE('',#2668,0.200000000000001,0.785398163397448);
#138=CONICAL_SURFACE('',#2682,0.361789321881346,0.785398163397444);
#139=CONICAL_SURFACE('',#2684,0.200000000000001,0.785398163397448);
#140=CONICAL_SURFACE('',#2698,0.361789321881346,0.785398163397444);
#141=CONICAL_SURFACE('',#2700,0.200000000000001,0.785398163397448);
#142=CONICAL_SURFACE('',#2714,0.361789321881346,0.785398163397444);
#143=CONICAL_SURFACE('',#2716,0.200000000000001,0.785398163397448);
#144=CONICAL_SURFACE('',#2730,0.361789321881346,0.785398163397444);
#145=CONICAL_SURFACE('',#2732,0.200000000000001,0.785398163397448);
#146=CONICAL_SURFACE('',#2746,0.361789321881346,0.785398163397444);
#147=CONICAL_SURFACE('',#2748,0.200000000000001,0.785398163397448);
#148=CONICAL_SURFACE('',#2762,0.361789321881346,0.785398163397444);
#149=CONICAL_SURFACE('',#2764,0.200000000000001,0.785398163397448);
#150=CONICAL_SURFACE('',#2778,0.361789321881346,0.785398163397444);
#151=CONICAL_SURFACE('',#2780,0.200000000000001,0.785398163397448);
#152=CONICAL_SURFACE('',#2794,0.361789321881346,0.785398163397444);
#153=CONICAL_SURFACE('',#2796,0.200000000000001,0.785398163397448);
#154=CONICAL_SURFACE('',#2810,0.361789321881346,0.785398163397444);
#155=CONICAL_SURFACE('',#2824,5.65,0.785398163397448);
#156=CONICAL_SURFACE('',#2828,5.65,0.785398163397448);
#157=CONICAL_SURFACE('',#2829,4.95,0.785398163397442);
#158=CONICAL_SURFACE('',#2900,7.58142105483752,0.523598775598298);
#159=CONICAL_SURFACE('',#2902,7.58142105483752,0.523598775598298);
#160=CONICAL_SURFACE('',#2904,7.58142105483752,0.523598775598298);
#161=CONICAL_SURFACE('',#2906,7.58142105483752,0.523598775598298);
#162=CONICAL_SURFACE('',#2911,5.75,0.785398163397451);
#163=CONICAL_SURFACE('',#2916,5.75,0.785398163397451);
#164=CONICAL_SURFACE('',#2918,7.45,1.22173047639603);
#165=CONICAL_SURFACE('',#2921,7.45,1.22173047639603);
#166=CONICAL_SURFACE('',#2924,7.45,1.22173047639603);
#167=CONICAL_SURFACE('',#2927,7.45,1.22173047639603);
#168=CONICAL_SURFACE('',#2930,7.45,1.22173047639603);
#169=CONICAL_SURFACE('',#2933,7.45,1.22173047639603);
#170=CONICAL_SURFACE('',#2936,7.45,1.22173047639603);
#171=CONICAL_SURFACE('',#2939,7.45,1.22173047639603);
#172=CONICAL_SURFACE('',#2942,7.45,1.22173047639603);
#173=CONICAL_SURFACE('',#2945,7.45,1.22173047639603);
#174=CONICAL_SURFACE('',#2948,7.45,1.22173047639603);
#175=CONICAL_SURFACE('',#2951,7.45,1.22173047639603);
#176=CONICAL_SURFACE('',#2960,5.7,1.0471975511966);
#177=CONICAL_SURFACE('',#2967,5.7,1.0471975511966);
#178=FACE_OUTER_BOUND('',#315,.T.);
#179=FACE_OUTER_BOUND('',#316,.T.);
#180=FACE_OUTER_BOUND('',#317,.T.);
#181=FACE_OUTER_BOUND('',#318,.T.);
#182=FACE_OUTER_BOUND('',#319,.T.);
#183=FACE_OUTER_BOUND('',#320,.T.);
#184=FACE_OUTER_BOUND('',#321,.T.);
#185=FACE_OUTER_BOUND('',#322,.T.);
#186=FACE_OUTER_BOUND('',#323,.T.);
#187=FACE_OUTER_BOUND('',#324,.T.);
#188=FACE_OUTER_BOUND('',#325,.T.);
#189=FACE_OUTER_BOUND('',#326,.T.);
#190=FACE_OUTER_BOUND('',#327,.T.);
#191=FACE_OUTER_BOUND('',#328,.T.);
#192=FACE_OUTER_BOUND('',#329,.T.);
#193=FACE_OUTER_BOUND('',#330,.T.);
#194=FACE_OUTER_BOUND('',#331,.T.);
#195=FACE_OUTER_BOUND('',#332,.T.);
#196=FACE_OUTER_BOUND('',#333,.T.);
#197=FACE_OUTER_BOUND('',#334,.T.);
#198=FACE_OUTER_BOUND('',#335,.T.);
#199=FACE_OUTER_BOUND('',#336,.T.);
#200=FACE_OUTER_BOUND('',#337,.T.);
#201=FACE_OUTER_BOUND('',#338,.T.);
#202=FACE_OUTER_BOUND('',#339,.T.);
#203=FACE_OUTER_BOUND('',#340,.T.);
#204=FACE_OUTER_BOUND('',#341,.T.);
#205=FACE_OUTER_BOUND('',#342,.T.);
#206=FACE_OUTER_BOUND('',#343,.T.);
#207=FACE_OUTER_BOUND('',#344,.T.);
#208=FACE_OUTER_BOUND('',#345,.T.);
#209=FACE_OUTER_BOUND('',#346,.T.);
#210=FACE_OUTER_BOUND('',#347,.T.);
#211=FACE_OUTER_BOUND('',#348,.T.);
#212=FACE_OUTER_BOUND('',#349,.T.);
#213=FACE_OUTER_BOUND('',#350,.T.);
#214=FACE_OUTER_BOUND('',#351,.T.);
#215=FACE_OUTER_BOUND('',#352,.T.);
#216=FACE_OUTER_BOUND('',#353,.T.);
#217=FACE_OUTER_BOUND('',#354,.T.);
#218=FACE_OUTER_BOUND('',#355,.T.);
#219=FACE_OUTER_BOUND('',#356,.T.);
#220=FACE_OUTER_BOUND('',#357,.T.);
#221=FACE_OUTER_BOUND('',#358,.T.);
#222=FACE_OUTER_BOUND('',#359,.T.);
#223=FACE_OUTER_BOUND('',#360,.T.);
#224=FACE_OUTER_BOUND('',#361,.T.);
#225=FACE_OUTER_BOUND('',#362,.T.);
#226=FACE_OUTER_BOUND('',#363,.T.);
#227=FACE_OUTER_BOUND('',#364,.T.);
#228=FACE_OUTER_BOUND('',#365,.T.);
#229=FACE_OUTER_BOUND('',#366,.T.);
#230=FACE_OUTER_BOUND('',#367,.T.);
#231=FACE_OUTER_BOUND('',#368,.T.);
#232=FACE_OUTER_BOUND('',#379,.T.);
#233=FACE_OUTER_BOUND('',#380,.T.);
#234=FACE_OUTER_BOUND('',#381,.T.);
#235=FACE_OUTER_BOUND('',#382,.T.);
#236=FACE_OUTER_BOUND('',#383,.T.);
#237=FACE_OUTER_BOUND('',#385,.T.);
#238=FACE_OUTER_BOUND('',#386,.T.);
#239=FACE_OUTER_BOUND('',#387,.T.);
#240=FACE_OUTER_BOUND('',#388,.T.);
#241=FACE_OUTER_BOUND('',#389,.T.);
#242=FACE_OUTER_BOUND('',#390,.T.);
#243=FACE_OUTER_BOUND('',#391,.T.);
#244=FACE_OUTER_BOUND('',#392,.T.);
#245=FACE_OUTER_BOUND('',#393,.T.);
#246=FACE_OUTER_BOUND('',#394,.T.);
#247=FACE_OUTER_BOUND('',#395,.T.);
#248=FACE_OUTER_BOUND('',#396,.T.);
#249=FACE_OUTER_BOUND('',#397,.T.);
#250=FACE_OUTER_BOUND('',#398,.T.);
#251=FACE_OUTER_BOUND('',#399,.T.);
#252=FACE_OUTER_BOUND('',#400,.T.);
#253=FACE_OUTER_BOUND('',#401,.T.);
#254=FACE_OUTER_BOUND('',#402,.T.);
#255=FACE_OUTER_BOUND('',#403,.T.);
#256=FACE_OUTER_BOUND('',#404,.T.);
#257=FACE_OUTER_BOUND('',#405,.T.);
#258=FACE_OUTER_BOUND('',#406,.T.);
#259=FACE_OUTER_BOUND('',#407,.T.);
#260=FACE_OUTER_BOUND('',#409,.T.);
#261=FACE_OUTER_BOUND('',#410,.T.);
#262=FACE_OUTER_BOUND('',#411,.T.);
#263=FACE_OUTER_BOUND('',#412,.T.);
#264=FACE_OUTER_BOUND('',#413,.T.);
#265=FACE_OUTER_BOUND('',#414,.T.);
#266=FACE_OUTER_BOUND('',#415,.T.);
#267=FACE_OUTER_BOUND('',#416,.T.);
#268=FACE_OUTER_BOUND('',#417,.T.);
#269=FACE_OUTER_BOUND('',#418,.T.);
#270=FACE_OUTER_BOUND('',#419,.T.);
#271=FACE_OUTER_BOUND('',#420,.T.);
#272=FACE_OUTER_BOUND('',#421,.T.);
#273=FACE_OUTER_BOUND('',#422,.T.);
#274=FACE_OUTER_BOUND('',#423,.T.);
#275=FACE_OUTER_BOUND('',#424,.T.);
#276=FACE_OUTER_BOUND('',#425,.T.);
#277=FACE_OUTER_BOUND('',#426,.T.);
#278=FACE_OUTER_BOUND('',#427,.T.);
#279=FACE_OUTER_BOUND('',#428,.T.);
#280=FACE_OUTER_BOUND('',#429,.T.);
#281=FACE_OUTER_BOUND('',#430,.T.);
#282=FACE_OUTER_BOUND('',#432,.T.);
#283=FACE_OUTER_BOUND('',#433,.T.);
#284=FACE_OUTER_BOUND('',#434,.T.);
#285=FACE_OUTER_BOUND('',#435,.T.);
#286=FACE_OUTER_BOUND('',#436,.T.);
#287=FACE_OUTER_BOUND('',#437,.T.);
#288=FACE_OUTER_BOUND('',#438,.T.);
#289=FACE_OUTER_BOUND('',#439,.T.);
#290=FACE_OUTER_BOUND('',#440,.T.);
#291=FACE_OUTER_BOUND('',#441,.T.);
#292=FACE_OUTER_BOUND('',#442,.T.);
#293=FACE_OUTER_BOUND('',#443,.T.);
#294=FACE_OUTER_BOUND('',#444,.T.);
#295=FACE_OUTER_BOUND('',#445,.T.);
#296=FACE_OUTER_BOUND('',#446,.T.);
#297=FACE_OUTER_BOUND('',#447,.T.);
#298=FACE_OUTER_BOUND('',#448,.T.);
#299=FACE_OUTER_BOUND('',#449,.T.);
#300=FACE_OUTER_BOUND('',#450,.T.);
#301=FACE_OUTER_BOUND('',#451,.T.);
#302=FACE_OUTER_BOUND('',#452,.T.);
#303=FACE_OUTER_BOUND('',#453,.T.);
#304=FACE_OUTER_BOUND('',#454,.T.);
#305=FACE_OUTER_BOUND('',#455,.T.);
#306=FACE_OUTER_BOUND('',#456,.T.);
#307=FACE_OUTER_BOUND('',#458,.T.);
#308=FACE_OUTER_BOUND('',#459,.T.);
#309=FACE_OUTER_BOUND('',#461,.T.);
#310=FACE_OUTER_BOUND('',#462,.T.);
#311=FACE_OUTER_BOUND('',#463,.T.);
#312=FACE_OUTER_BOUND('',#464,.T.);
#313=FACE_OUTER_BOUND('',#465,.T.);
#314=FACE_OUTER_BOUND('',#466,.T.);
#315=EDGE_LOOP('',(#1525,#1526,#1527,#1528,#1529,#1530,#1531,#1532,#1533));
#316=EDGE_LOOP('',(#1534,#1535,#1536,#1537,#1538,#1539,#1540,#1541,#1542,
#1543));
#317=EDGE_LOOP('',(#1544,#1545,#1546,#1547));
#318=EDGE_LOOP('',(#1548,#1549,#1550,#1551,#1552));
#319=EDGE_LOOP('',(#1553));
#320=EDGE_LOOP('',(#1554,#1555,#1556,#1557,#1558,#1559,#1560));
#321=EDGE_LOOP('',(#1561,#1562,#1563,#1564,#1565,#1566,#1567,#1568));
#322=EDGE_LOOP('',(#1569,#1570,#1571,#1572,#1573,#1574));
#323=EDGE_LOOP('',(#1575,#1576,#1577,#1578,#1579));
#324=EDGE_LOOP('',(#1580));
#325=EDGE_LOOP('',(#1581,#1582,#1583,#1584,#1585,#1586,#1587));
#326=EDGE_LOOP('',(#1588,#1589,#1590,#1591,#1592,#1593,#1594,#1595));
#327=EDGE_LOOP('',(#1596,#1597,#1598,#1599,#1600,#1601));
#328=EDGE_LOOP('',(#1602,#1603,#1604,#1605,#1606));
#329=EDGE_LOOP('',(#1607));
#330=EDGE_LOOP('',(#1608,#1609,#1610,#1611,#1612,#1613,#1614));
#331=EDGE_LOOP('',(#1615,#1616,#1617,#1618,#1619,#1620,#1621,#1622));
#332=EDGE_LOOP('',(#1623,#1624,#1625,#1626,#1627,#1628));
#333=EDGE_LOOP('',(#1629,#1630,#1631,#1632,#1633));
#334=EDGE_LOOP('',(#1634));
#335=EDGE_LOOP('',(#1635,#1636,#1637,#1638,#1639,#1640,#1641));
#336=EDGE_LOOP('',(#1642,#1643,#1644,#1645,#1646,#1647,#1648,#1649));
#337=EDGE_LOOP('',(#1650,#1651,#1652,#1653,#1654,#1655));
#338=EDGE_LOOP('',(#1656,#1657,#1658,#1659,#1660));
#339=EDGE_LOOP('',(#1661));
#340=EDGE_LOOP('',(#1662,#1663,#1664,#1665,#1666,#1667,#1668));
#341=EDGE_LOOP('',(#1669,#1670,#1671,#1672,#1673,#1674,#1675,#1676));
#342=EDGE_LOOP('',(#1677,#1678,#1679,#1680,#1681,#1682));
#343=EDGE_LOOP('',(#1683,#1684,#1685,#1686,#1687));
#344=EDGE_LOOP('',(#1688));
#345=EDGE_LOOP('',(#1689,#1690,#1691,#1692,#1693,#1694,#1695));
#346=EDGE_LOOP('',(#1696,#1697,#1698,#1699,#1700,#1701,#1702,#1703));
#347=EDGE_LOOP('',(#1704,#1705,#1706,#1707,#1708,#1709));
#348=EDGE_LOOP('',(#1710,#1711,#1712,#1713,#1714));
#349=EDGE_LOOP('',(#1715));
#350=EDGE_LOOP('',(#1716,#1717,#1718,#1719,#1720,#1721,#1722));
#351=EDGE_LOOP('',(#1723,#1724,#1725,#1726,#1727,#1728,#1729,#1730));
#352=EDGE_LOOP('',(#1731,#1732,#1733,#1734,#1735,#1736));
#353=EDGE_LOOP('',(#1737,#1738,#1739,#1740,#1741));
#354=EDGE_LOOP('',(#1742));
#355=EDGE_LOOP('',(#1743,#1744,#1745,#1746,#1747,#1748,#1749));
#356=EDGE_LOOP('',(#1750,#1751,#1752,#1753,#1754,#1755,#1756,#1757));
#357=EDGE_LOOP('',(#1758,#1759,#1760,#1761,#1762,#1763));
#358=EDGE_LOOP('',(#1764,#1765,#1766,#1767,#1768));
#359=EDGE_LOOP('',(#1769));
#360=EDGE_LOOP('',(#1770,#1771,#1772,#1773,#1774,#1775,#1776));
#361=EDGE_LOOP('',(#1777,#1778,#1779,#1780,#1781,#1782,#1783,#1784));
#362=EDGE_LOOP('',(#1785,#1786,#1787,#1788,#1789,#1790));
#363=EDGE_LOOP('',(#1791,#1792,#1793,#1794,#1795));
#364=EDGE_LOOP('',(#1796));
#365=EDGE_LOOP('',(#1797,#1798,#1799,#1800,#1801,#1802,#1803));
#366=EDGE_LOOP('',(#1804,#1805,#1806,#1807,#1808,#1809,#1810,#1811));
#367=EDGE_LOOP('',(#1812,#1813,#1814,#1815,#1816,#1817));
#368=EDGE_LOOP('',(#1818,#1819));
#369=EDGE_LOOP('',(#1820));
#370=EDGE_LOOP('',(#1821));
#371=EDGE_LOOP('',(#1822));
#372=EDGE_LOOP('',(#1823));
#373=EDGE_LOOP('',(#1824));
#374=EDGE_LOOP('',(#1825));
#375=EDGE_LOOP('',(#1826));
#376=EDGE_LOOP('',(#1827));
#377=EDGE_LOOP('',(#1828));
#378=EDGE_LOOP('',(#1829));
#379=EDGE_LOOP('',(#1830,#1831,#1832,#1833));
#380=EDGE_LOOP('',(#1834,#1835,#1836,#1837));
#381=EDGE_LOOP('',(#1838,#1839,#1840,#1841));
#382=EDGE_LOOP('',(#1842,#1843,#1844,#1845));
#383=EDGE_LOOP('',(#1846));
#384=EDGE_LOOP('',(#1847,#1848,#1849,#1850,#1851));
#385=EDGE_LOOP('',(#1852,#1853,#1854,#1855,#1856,#1857,#1858));
#386=EDGE_LOOP('',(#1859,#1860,#1861,#1862,#1863));
#387=EDGE_LOOP('',(#1864,#1865,#1866,#1867));
#388=EDGE_LOOP('',(#1868,#1869,#1870,#1871,#1872,#1873));
#389=EDGE_LOOP('',(#1874,#1875,#1876,#1877));
#390=EDGE_LOOP('',(#1878,#1879,#1880,#1881));
#391=EDGE_LOOP('',(#1882,#1883,#1884,#1885,#1886,#1887));
#392=EDGE_LOOP('',(#1888,#1889,#1890,#1891,#1892,#1893,#1894));
#393=EDGE_LOOP('',(#1895,#1896,#1897,#1898,#1899));
#394=EDGE_LOOP('',(#1900,#1901,#1902,#1903));
#395=EDGE_LOOP('',(#1904,#1905,#1906,#1907,#1908));
#396=EDGE_LOOP('',(#1909,#1910,#1911,#1912,#1913));
#397=EDGE_LOOP('',(#1914,#1915,#1916,#1917));
#398=EDGE_LOOP('',(#1918,#1919,#1920,#1921,#1922));
#399=EDGE_LOOP('',(#1923,#1924,#1925,#1926,#1927));
#400=EDGE_LOOP('',(#1928,#1929,#1930,#1931));
#401=EDGE_LOOP('',(#1932,#1933,#1934,#1935,#1936));
#402=EDGE_LOOP('',(#1937,#1938,#1939,#1940,#1941));
#403=EDGE_LOOP('',(#1942,#1943,#1944,#1945));
#404=EDGE_LOOP('',(#1946,#1947,#1948,#1949,#1950));
#405=EDGE_LOOP('',(#1951,#1952,#1953,#1954));
#406=EDGE_LOOP('',(#1955,#1956,#1957,#1958));
#407=EDGE_LOOP('',(#1959,#1960,#1961,#1962,#1963,#1964,#1965,#1966,#1967,
#1968,#1969,#1970,#1971,#1972,#1973,#1974,#1975,#1976,#1977,#1978,#1979,
#1980,#1981,#1982,#1983,#1984,#1985,#1986,#1987,#1988,#1989,#1990));
#408=EDGE_LOOP('',(#1991));
#409=EDGE_LOOP('',(#1992,#1993,#1994,#1995));
#410=EDGE_LOOP('',(#1996,#1997,#1998,#1999));
#411=EDGE_LOOP('',(#2000,#2001,#2002,#2003));
#412=EDGE_LOOP('',(#2004,#2005,#2006,#2007));
#413=EDGE_LOOP('',(#2008,#2009,#2010,#2011));
#414=EDGE_LOOP('',(#2012,#2013,#2014,#2015));
#415=EDGE_LOOP('',(#2016,#2017,#2018,#2019));
#416=EDGE_LOOP('',(#2020,#2021,#2022,#2023));
#417=EDGE_LOOP('',(#2024,#2025,#2026,#2027));
#418=EDGE_LOOP('',(#2028,#2029,#2030,#2031));
#419=EDGE_LOOP('',(#2032,#2033,#2034,#2035));
#420=EDGE_LOOP('',(#2036,#2037,#2038,#2039));
#421=EDGE_LOOP('',(#2040,#2041,#2042,#2043));
#422=EDGE_LOOP('',(#2044,#2045,#2046,#2047));
#423=EDGE_LOOP('',(#2048,#2049,#2050,#2051));
#424=EDGE_LOOP('',(#2052,#2053,#2054,#2055));
#425=EDGE_LOOP('',(#2056,#2057,#2058,#2059));
#426=EDGE_LOOP('',(#2060,#2061,#2062,#2063,#2064,#2065,#2066,#2067));
#427=EDGE_LOOP('',(#2068,#2069,#2070,#2071,#2072,#2073,#2074,#2075));
#428=EDGE_LOOP('',(#2076,#2077,#2078,#2079,#2080,#2081,#2082,#2083));
#429=EDGE_LOOP('',(#2084,#2085,#2086,#2087,#2088,#2089,#2090,#2091));
#430=EDGE_LOOP('',(#2092,#2093,#2094,#2095,#2096,#2097,#2098,#2099,#2100,
#2101,#2102,#2103,#2104,#2105,#2106,#2107));
#431=EDGE_LOOP('',(#2108));
#432=EDGE_LOOP('',(#2109,#2110,#2111,#2112));
#433=EDGE_LOOP('',(#2113,#2114,#2115,#2116));
#434=EDGE_LOOP('',(#2117,#2118,#2119,#2120,#2121));
#435=EDGE_LOOP('',(#2122,#2123,#2124,#2125,#2126));
#436=EDGE_LOOP('',(#2127,#2128,#2129,#2130));
#437=EDGE_LOOP('',(#2131,#2132,#2133,#2134));
#438=EDGE_LOOP('',(#2135,#2136,#2137,#2138));
#439=EDGE_LOOP('',(#2139,#2140,#2141,#2142));
#440=EDGE_LOOP('',(#2143,#2144,#2145,#2146));
#441=EDGE_LOOP('',(#2147,#2148,#2149,#2150));
#442=EDGE_LOOP('',(#2151,#2152,#2153,#2154));
#443=EDGE_LOOP('',(#2155,#2156,#2157,#2158));
#444=EDGE_LOOP('',(#2159,#2160,#2161,#2162));
#445=EDGE_LOOP('',(#2163,#2164,#2165,#2166));
#446=EDGE_LOOP('',(#2167,#2168,#2169,#2170));
#447=EDGE_LOOP('',(#2171,#2172,#2173,#2174));
#448=EDGE_LOOP('',(#2175,#2176,#2177,#2178));
#449=EDGE_LOOP('',(#2179,#2180,#2181,#2182));
#450=EDGE_LOOP('',(#2183,#2184,#2185,#2186,#2187,#2188));
#451=EDGE_LOOP('',(#2189,#2190,#2191,#2192));
#452=EDGE_LOOP('',(#2193,#2194,#2195,#2196,#2197,#2198));
#453=EDGE_LOOP('',(#2199,#2200,#2201,#2202,#2203,#2204));
#454=EDGE_LOOP('',(#2205,#2206,#2207,#2208));
#455=EDGE_LOOP('',(#2209,#2210,#2211,#2212,#2213));
#456=EDGE_LOOP('',(#2214,#2215,#2216,#2217,#2218,#2219));
#457=EDGE_LOOP('',(#2220));
#458=EDGE_LOOP('',(#2221,#2222,#2223,#2224,#2225));
#459=EDGE_LOOP('',(#2226,#2227,#2228,#2229,#2230,#2231));
#460=EDGE_LOOP('',(#2232));
#461=EDGE_LOOP('',(#2233,#2234,#2235,#2236));
#462=EDGE_LOOP('',(#2237,#2238,#2239,#2240,#2241,#2242));
#463=EDGE_LOOP('',(#2243,#2244,#2245,#2246));
#464=EDGE_LOOP('',(#2247,#2248,#2249,#2250,#2251,#2252));
#465=EDGE_LOOP('',(#2253,#2254,#2255,#2256));
#466=EDGE_LOOP('',(#2257,#2258,#2259,#2260,#2261,#2262));
#467=B_SPLINE_CURVE_WITH_KNOTS('',3,(#3791,#3792,#3793,#3794,#3795,#3796,
#3797,#3798,#3799,#3800),.UNSPECIFIED.,.F.,.F.,(4,2,2,2,4),(0.152119106080588,
0.171008073324961,0.189897040569334,0.209282304875717,0.2286675691821),
 .UNSPECIFIED.);
#468=B_SPLINE_CURVE_WITH_KNOTS('',3,(#3803,#3804,#3805,#3806,#3807,#3808,
#3809,#3810,#3811,#3812),.UNSPECIFIED.,.F.,.F.,(4,2,2,2,4),(0.075570642979076,
0.0949559072854592,0.114341171591842,0.133230138836215,0.152119106080588),
 .UNSPECIFIED.);
#469=B_SPLINE_CURVE_WITH_KNOTS('',3,(#4140,#4141,#4142,#4143,#4144,#4145,
#4146,#4147,#4148,#4149),.UNSPECIFIED.,.F.,.F.,(4,2,2,2,4),(0.303532182319215,
0.322406372416176,0.341280562513137,0.360531739008917,0.379782915504697),
 .UNSPECIFIED.);
#470=B_SPLINE_CURVE_WITH_KNOTS('',3,(#4159,#4160,#4161,#4162,#4163,#4164,
#4165,#4166,#4167,#4168),.UNSPECIFIED.,.F.,.F.,(4,2,2,2,4),(0.227281449133734,
0.246532625629514,0.265783802125293,0.284657992222254,0.303532182319216),
 .UNSPECIFIED.);
#471=B_SPLINE_CURVE_WITH_KNOTS('',3,(#4216,#4217,#4218,#4219,#4220,#4221,
#4222,#4223,#4224),.UNSPECIFIED.,.F.,.F.,(4,2,3,4),(0.0842247508746656,
0.0845919258784137,0.0924114629113307,0.095103716823145),.UNSPECIFIED.);
#472=B_SPLINE_CURVE_WITH_KNOTS('',3,(#4245,#4246,#4247,#4248,#4249,#4250,
#4251,#4252,#4253),.UNSPECIFIED.,.F.,.F.,(4,3,2,4),(0.0897192089995165,
0.0924114629113308,0.100230999944248,0.100598174947996),.UNSPECIFIED.);
#473=B_SPLINE_CURVE_WITH_KNOTS('',3,(#4264,#4265,#4266,#4267,#4268,#4269,
#4270,#4271,#4272),.UNSPECIFIED.,.F.,.F.,(4,3,2,4),(0.0897192089995148,
0.0924114629113306,0.100230999944248,0.100598174947996),.UNSPECIFIED.);
#474=B_SPLINE_CURVE_WITH_KNOTS('',3,(#4282,#4283,#4284,#4285,#4286,#4287,
#4288,#4289,#4290),.UNSPECIFIED.,.F.,.F.,(4,2,3,4),(0.0842247508746654,
0.0845919258784135,0.0924114629113306,0.0951037168231465),.UNSPECIFIED.);
#475=B_SPLINE_CURVE_WITH_KNOTS('',3,(#4298,#4299,#4300,#4301,#4302,#4303,
#4304,#4305,#4306),.UNSPECIFIED.,.F.,.F.,(4,2,3,4),(0.0842247508746657,
0.0845919258784139,0.092411462911331,0.0951037168231452),.UNSPECIFIED.);
#476=B_SPLINE_CURVE_WITH_KNOTS('',3,(#4327,#4328,#4329,#4330,#4331,#4332,
#4333,#4334,#4335),.UNSPECIFIED.,.F.,.F.,(4,3,2,4),(0.0897192089995165,
0.0924114629113307,0.100230999944248,0.100598174947996),.UNSPECIFIED.);
#477=B_SPLINE_CURVE_WITH_KNOTS('',3,(#4346,#4347,#4348,#4349,#4350,#4351,
#4352,#4353,#4354),.UNSPECIFIED.,.F.,.F.,(4,3,2,4),(0.0897192089995155,
0.0924114629113309,0.100230999944248,0.100598174947996),.UNSPECIFIED.);
#478=B_SPLINE_CURVE_WITH_KNOTS('',3,(#4364,#4365,#4366,#4367,#4368,#4369,
#4370,#4371,#4372),.UNSPECIFIED.,.F.,.F.,(4,2,3,4),(0.0842247508746659,
0.0845919258784138,0.0924114629113309,0.0951037168231461),.UNSPECIFIED.);
#479=B_SPLINE_CURVE_WITH_KNOTS('',3,(#4380,#4381,#4382,#4383,#4384,#4385,
#4386,#4387,#4388,#4389,#4390,#4391),.UNSPECIFIED.,.F.,.F.,(4,2,2,2,2,4),
(0.0866822042591821,0.0916952627545607,0.119673494469682,0.131121916354354,
0.134687037818939,0.138252159283524),.UNSPECIFIED.);
#480=B_SPLINE_CURVE_WITH_KNOTS('',3,(#4441,#4442,#4443,#4444,#4445,#4446,
#4447,#4448,#4449,#4450,#4451,#4452),.UNSPECIFIED.,.F.,.F.,(4,2,2,2,2,4),
(0.0465568965289632,0.050122017993548,0.0536871394581328,0.0651355613428049,
0.0931137930579264,0.0981268515533053),.UNSPECIFIED.);
#481=B_SPLINE_CURVE_WITH_KNOTS('',3,(#4460,#4461,#4462,#4463,#4464,#4465,
#4466,#4467,#4468,#4469,#4470,#4471),.UNSPECIFIED.,.F.,.F.,(4,2,2,2,2,4),
(0.0866822042591839,0.0916952627545608,0.119673494469682,0.131121916354354,
0.134687037818939,0.138252159283524),.UNSPECIFIED.);
#482=B_SPLINE_CURVE_WITH_KNOTS('',3,(#4481,#4482,#4483,#4484,#4485,#4486,
#4487,#4488,#4489,#4490,#4491,#4492),.UNSPECIFIED.,.F.,.F.,(4,2,2,2,2,4),
(0.0465568965289632,0.050122017993548,0.0536871394581328,0.0651355613428049,
0.0931137930579264,0.0981268515533033),.UNSPECIFIED.);
#483=B_SPLINE_CURVE_WITH_KNOTS('',3,(#4500,#4501,#4502,#4503,#4504,#4505,
#4506,#4507,#4508,#4509,#4510,#4511),.UNSPECIFIED.,.F.,.F.,(4,2,2,2,2,4),
(0.0866822042591811,0.0916952627545609,0.119673494469682,0.131121916354354,
0.134687037818939,0.138252159283524),.UNSPECIFIED.);
#484=B_SPLINE_CURVE_WITH_KNOTS('',3,(#4521,#4522,#4523,#4524,#4525,#4526,
#4527,#4528,#4529,#4530,#4531,#4532),.UNSPECIFIED.,.F.,.F.,(4,2,2,2,2,4),
(0.0465568965289632,0.050122017993548,0.0536871394581328,0.0651355613428049,
0.0931137930579262,0.098126851553306),.UNSPECIFIED.);
#485=B_SPLINE_CURVE_WITH_KNOTS('',3,(#4542,#4543,#4544,#4545,#4546,#4547,
#4548,#4549,#4550,#4551,#4552,#4553),.UNSPECIFIED.,.F.,.F.,(4,2,2,2,2,4),
(0.0465568965289632,0.050122017993548,0.0536871394581329,0.0651355613428047,
0.0931137930579264,0.0981268515533032),.UNSPECIFIED.);
#486=B_SPLINE_CURVE_WITH_KNOTS('',3,(#4559,#4560,#4561,#4562,#4563,#4564,
#4565,#4566,#4567,#4568,#4569,#4570),.UNSPECIFIED.,.F.,.F.,(4,2,2,2,2,4),
(0.0866822042591839,0.0916952627545607,0.119673494469682,0.131121916354354,
0.134687037818939,0.138252159283524),.UNSPECIFIED.);
#487=LINE('',#3784,#597);
#488=LINE('',#3832,#598);
#489=LINE('',#3842,#599);
#490=LINE('',#3845,#600);
#491=LINE('',#3852,#601);
#492=LINE('',#3861,#602);
#493=LINE('',#3874,#603);
#494=LINE('',#3881,#604);
#495=LINE('',#3890,#605);
#496=LINE('',#3903,#606);
#497=LINE('',#3910,#607);
#498=LINE('',#3919,#608);
#499=LINE('',#3932,#609);
#500=LINE('',#3939,#610);
#501=LINE('',#3948,#611);
#502=LINE('',#3961,#612);
#503=LINE('',#3968,#613);
#504=LINE('',#3977,#614);
#505=LINE('',#3990,#615);
#506=LINE('',#3997,#616);
#507=LINE('',#4006,#617);
#508=LINE('',#4019,#618);
#509=LINE('',#4026,#619);
#510=LINE('',#4035,#620);
#511=LINE('',#4048,#621);
#512=LINE('',#4055,#622);
#513=LINE('',#4064,#623);
#514=LINE('',#4077,#624);
#515=LINE('',#4084,#625);
#516=LINE('',#4093,#626);
#517=LINE('',#4106,#627);
#518=LINE('',#4113,#628);
#519=LINE('',#4122,#629);
#520=LINE('',#4135,#630);
#521=LINE('',#4150,#631);
#522=LINE('',#4151,#632);
#523=LINE('',#4155,#633);
#524=LINE('',#4170,#634);
#525=LINE('',#4176,#635);
#526=LINE('',#4184,#636);
#527=LINE('',#4188,#637);
#528=LINE('',#4198,#638);
#529=LINE('',#4209,#639);
#530=LINE('',#4211,#640);
#531=LINE('',#4226,#641);
#532=LINE('',#4230,#642);
#533=LINE('',#4234,#643);
#534=LINE('',#4236,#644);
#535=LINE('',#4237,#645);
#536=LINE('',#4244,#646);
#537=LINE('',#4259,#647);
#538=LINE('',#4263,#648);
#539=LINE('',#4275,#649);
#540=LINE('',#4277,#650);
#541=LINE('',#4278,#651);
#542=LINE('',#4292,#652);
#543=LINE('',#4308,#653);
#544=LINE('',#4312,#654);
#545=LINE('',#4316,#655);
#546=LINE('',#4318,#656);
#547=LINE('',#4319,#657);
#548=LINE('',#4326,#658);
#549=LINE('',#4341,#659);
#550=LINE('',#4345,#660);
#551=LINE('',#4357,#661);
#552=LINE('',#4359,#662);
#553=LINE('',#4360,#663);
#554=LINE('',#4374,#664);
#555=LINE('',#4393,#665);
#556=LINE('',#4396,#666);
#557=LINE('',#4401,#667);
#558=LINE('',#4407,#668);
#559=LINE('',#4409,#669);
#560=LINE('',#4416,#670);
#561=LINE('',#4418,#671);
#562=LINE('',#4425,#672);
#563=LINE('',#4427,#673);
#564=LINE('',#4434,#674);
#565=LINE('',#4439,#675);
#566=LINE('',#4453,#676);
#567=LINE('',#4456,#677);
#568=LINE('',#4472,#678);
#569=LINE('',#4479,#679);
#570=LINE('',#4493,#680);
#571=LINE('',#4496,#681);
#572=LINE('',#4512,#682);
#573=LINE('',#4519,#683);
#574=LINE('',#4533,#684);
#575=LINE('',#4536,#685);
#576=LINE('',#4540,#686);
#577=LINE('',#4554,#687);
#578=LINE('',#4571,#688);
#579=LINE('',#4605,#689);
#580=LINE('',#4612,#690);
#581=LINE('',#4614,#691);
#582=LINE('',#4761,#692);
#583=LINE('',#4762,#693);
#584=LINE('',#4764,#694);
#585=LINE('',#4765,#695);
#586=LINE('',#4768,#696);
#587=LINE('',#4769,#697);
#588=LINE('',#4771,#698);
#589=LINE('',#4773,#699);
#590=LINE('',#4778,#700);
#591=LINE('',#4785,#701);
#592=LINE('',#4790,#702);
#593=LINE('',#4793,#703);
#594=LINE('',#4794,#704);
#595=LINE('',#4796,#705);
#596=LINE('',#4800,#706);
#597=VECTOR('',#2987,2.975);
#598=VECTOR('',#3002,5.575);
#599=VECTOR('',#3013,10.);
#600=VECTOR('',#3016,10.);
#601=VECTOR('',#3023,0.200000000000001);
#602=VECTOR('',#3034,0.249999999999999);
#603=VECTOR('',#3051,0.361789321881346);
#604=VECTOR('',#3058,0.200000000000001);
#605=VECTOR('',#3069,0.249999999999999);
#606=VECTOR('',#3086,0.361789321881346);
#607=VECTOR('',#3093,0.200000000000001);
#608=VECTOR('',#3104,0.249999999999999);
#609=VECTOR('',#3121,0.361789321881346);
#610=VECTOR('',#3128,0.200000000000001);
#611=VECTOR('',#3139,0.249999999999999);
#612=VECTOR('',#3156,0.361789321881346);
#613=VECTOR('',#3163,0.200000000000001);
#614=VECTOR('',#3174,0.249999999999999);
#615=VECTOR('',#3191,0.361789321881346);
#616=VECTOR('',#3198,0.200000000000001);
#617=VECTOR('',#3209,0.249999999999999);
#618=VECTOR('',#3226,0.361789321881346);
#619=VECTOR('',#3233,0.200000000000001);
#620=VECTOR('',#3244,0.249999999999999);
#621=VECTOR('',#3261,0.361789321881346);
#622=VECTOR('',#3268,0.200000000000001);
#623=VECTOR('',#3279,0.249999999999999);
#624=VECTOR('',#3296,0.361789321881346);
#625=VECTOR('',#3303,0.200000000000001);
#626=VECTOR('',#3314,0.249999999999999);
#627=VECTOR('',#3331,0.361789321881346);
#628=VECTOR('',#3338,0.200000000000001);
#629=VECTOR('',#3349,0.249999999999999);
#630=VECTOR('',#3366,0.361789321881346);
#631=VECTOR('',#3371,10.);
#632=VECTOR('',#3372,10.);
#633=VECTOR('',#3377,10.);
#634=VECTOR('',#3384,10.);
#635=VECTOR('',#3391,10.);
#636=VECTOR('',#3392,10.);
#637=VECTOR('',#3397,10.);
#638=VECTOR('',#3402,10.);
#639=VECTOR('',#3417,4.94999999999999);
#640=VECTOR('',#3420,5.15);
#641=VECTOR('',#3425,10.);
#642=VECTOR('',#3428,10.);
#643=VECTOR('',#3433,10.);
#644=VECTOR('',#3434,10.);
#645=VECTOR('',#3435,10.);
#646=VECTOR('',#3442,10.);
#647=VECTOR('',#3447,10.);
#648=VECTOR('',#3450,10.);
#649=VECTOR('',#3453,10.);
#650=VECTOR('',#3454,10.);
#651=VECTOR('',#3455,10.);
#652=VECTOR('',#3458,10.);
#653=VECTOR('',#3465,10.);
#654=VECTOR('',#3468,10.);
#655=VECTOR('',#3473,10.);
#656=VECTOR('',#3474,10.);
#657=VECTOR('',#3475,10.);
#658=VECTOR('',#3482,10.);
#659=VECTOR('',#3487,10.);
#660=VECTOR('',#3490,10.);
#661=VECTOR('',#3493,10.);
#662=VECTOR('',#3494,10.);
#663=VECTOR('',#3495,10.);
#664=VECTOR('',#3498,10.);
#665=VECTOR('',#3505,10.);
#666=VECTOR('',#3508,10.);
#667=VECTOR('',#3511,10.);
#668=VECTOR('',#3518,10.);
#669=VECTOR('',#3519,10.);
#670=VECTOR('',#3526,10.);
#671=VECTOR('',#3527,10.);
#672=VECTOR('',#3534,10.);
#673=VECTOR('',#3535,10.);
#674=VECTOR('',#3542,10.);
#675=VECTOR('',#3547,10.);
#676=VECTOR('',#3548,10.);
#677=VECTOR('',#3551,10.);
#678=VECTOR('',#3556,10.);
#679=VECTOR('',#3561,10.);
#680=VECTOR('',#3562,10.);
#681=VECTOR('',#3565,10.);
#682=VECTOR('',#3570,10.);
#683=VECTOR('',#3575,10.);
#684=VECTOR('',#3576,10.);
#685=VECTOR('',#3579,10.);
#686=VECTOR('',#3584,10.);
#687=VECTOR('',#3585,10.);
#688=VECTOR('',#3592,10.);
#689=VECTOR('',#3625,5.75);
#690=VECTOR('',#3634,5.5);
#691=VECTOR('',#3637,5.75);
#692=VECTOR('',#3714,10.);
#693=VECTOR('',#3715,10.);
#694=VECTOR('',#3718,10.);
#695=VECTOR('',#3719,10.);
#696=VECTOR('',#3724,10.);
#697=VECTOR('',#3725,10.);
#698=VECTOR('',#3728,10.);
#699=VECTOR('',#3731,10.);
#700=VECTOR('',#3736,5.7);
#701=VECTOR('',#3745,5.5);
#702=VECTOR('',#3752,5.7);
#703=VECTOR('',#3757,10.);
#704=VECTOR('',#3758,10.);
#705=VECTOR('',#3761,10.);
#706=VECTOR('',#3768,10.);
#707=CIRCLE('',#2638,2.975);
#708=CIRCLE('',#2639,2.975);
#709=CIRCLE('',#2640,2.975);
#710=CIRCLE('',#2641,2.975);
#711=CIRCLE('',#2642,2.975);
#712=CIRCLE('',#2644,6.);
#713=CIRCLE('',#2645,6.);
#714=CIRCLE('',#2646,5.15);
#715=CIRCLE('',#2647,5.15);
#716=CIRCLE('',#2648,6.);
#717=CIRCLE('',#2650,5.3);
#718=CIRCLE('',#2651,5.3);
#719=CIRCLE('',#2653,0.249999999999999);
#720=CIRCLE('',#2654,0.249999999999999);
#721=CIRCLE('',#2655,0.150000000000002);
#722=CIRCLE('',#2658,0.25);
#723=CIRCLE('',#2659,0.25);
#724=CIRCLE('',#2660,0.25);
#725=CIRCLE('',#2662,0.200000000000003);
#726=CIRCLE('',#2663,0.308578643762691);
#727=CIRCLE('',#2664,0.308578643762691);
#728=CIRCLE('',#2665,0.308578643762691);
#729=CIRCLE('',#2667,0.317157287525339);
#730=CIRCLE('',#2669,0.249999999999999);
#731=CIRCLE('',#2670,0.249999999999999);
#732=CIRCLE('',#2671,0.150000000000002);
#733=CIRCLE('',#2674,0.25);
#734=CIRCLE('',#2675,0.25);
#735=CIRCLE('',#2676,0.25);
#736=CIRCLE('',#2678,0.200000000000003);
#737=CIRCLE('',#2679,0.308578643762691);
#738=CIRCLE('',#2680,0.308578643762691);
#739=CIRCLE('',#2681,0.308578643762691);
#740=CIRCLE('',#2683,0.317157287525381);
#741=CIRCLE('',#2685,0.249999999999999);
#742=CIRCLE('',#2686,0.249999999999999);
#743=CIRCLE('',#2687,0.150000000000002);
#744=CIRCLE('',#2690,0.25);
#745=CIRCLE('',#2691,0.25);
#746=CIRCLE('',#2692,0.25);
#747=CIRCLE('',#2694,0.200000000000003);
#748=CIRCLE('',#2695,0.308578643762691);
#749=CIRCLE('',#2696,0.308578643762691);
#750=CIRCLE('',#2697,0.308578643762691);
#751=CIRCLE('',#2699,0.317157287525381);
#752=CIRCLE('',#2701,0.249999999999999);
#753=CIRCLE('',#2702,0.249999999999999);
#754=CIRCLE('',#2703,0.150000000000002);
#755=CIRCLE('',#2706,0.25);
#756=CIRCLE('',#2707,0.25);
#757=CIRCLE('',#2708,0.25);
#758=CIRCLE('',#2710,0.200000000000003);
#759=CIRCLE('',#2711,0.308578643762691);
#760=CIRCLE('',#2712,0.308578643762691);
#761=CIRCLE('',#2713,0.308578643762691);
#762=CIRCLE('',#2715,0.317157287525381);
#763=CIRCLE('',#2717,0.249999999999999);
#764=CIRCLE('',#2718,0.249999999999999);
#765=CIRCLE('',#2719,0.150000000000002);
#766=CIRCLE('',#2722,0.25);
#767=CIRCLE('',#2723,0.25);
#768=CIRCLE('',#2724,0.25);
#769=CIRCLE('',#2726,0.200000000000003);
#770=CIRCLE('',#2727,0.308578643762691);
#771=CIRCLE('',#2728,0.308578643762691);
#772=CIRCLE('',#2729,0.308578643762691);
#773=CIRCLE('',#2731,0.317157287525381);
#774=CIRCLE('',#2733,0.249999999999999);
#775=CIRCLE('',#2734,0.249999999999999);
#776=CIRCLE('',#2735,0.150000000000002);
#777=CIRCLE('',#2738,0.25);
#778=CIRCLE('',#2739,0.25);
#779=CIRCLE('',#2740,0.25);
#780=CIRCLE('',#2742,0.200000000000003);
#781=CIRCLE('',#2743,0.308578643762691);
#782=CIRCLE('',#2744,0.308578643762691);
#783=CIRCLE('',#2745,0.308578643762691);
#784=CIRCLE('',#2747,0.317157287525381);
#785=CIRCLE('',#2749,0.249999999999999);
#786=CIRCLE('',#2750,0.249999999999999);
#787=CIRCLE('',#2751,0.150000000000002);
#788=CIRCLE('',#2754,0.25);
#789=CIRCLE('',#2755,0.25);
#790=CIRCLE('',#2756,0.25);
#791=CIRCLE('',#2758,0.200000000000003);
#792=CIRCLE('',#2759,0.308578643762691);
#793=CIRCLE('',#2760,0.308578643762691);
#794=CIRCLE('',#2761,0.308578643762691);
#795=CIRCLE('',#2763,0.317157287525381);
#796=CIRCLE('',#2765,0.249999999999999);
#797=CIRCLE('',#2766,0.249999999999999);
#798=CIRCLE('',#2767,0.150000000000002);
#799=CIRCLE('',#2770,0.25);
#800=CIRCLE('',#2771,0.25);
#801=CIRCLE('',#2772,0.25);
#802=CIRCLE('',#2774,0.200000000000003);
#803=CIRCLE('',#2775,0.308578643762691);
#804=CIRCLE('',#2776,0.308578643762691);
#805=CIRCLE('',#2777,0.308578643762691);
#806=CIRCLE('',#2779,0.317157287525381);
#807=CIRCLE('',#2781,0.249999999999999);
#808=CIRCLE('',#2782,0.249999999999999);
#809=CIRCLE('',#2783,0.150000000000002);
#810=CIRCLE('',#2786,0.25);
#811=CIRCLE('',#2787,0.25);
#812=CIRCLE('',#2788,0.25);
#813=CIRCLE('',#2790,0.200000000000003);
#814=CIRCLE('',#2791,0.308578643762691);
#815=CIRCLE('',#2792,0.308578643762691);
#816=CIRCLE('',#2793,0.308578643762691);
#817=CIRCLE('',#2795,0.317157287525381);
#818=CIRCLE('',#2797,0.249999999999999);
#819=CIRCLE('',#2798,0.249999999999999);
#820=CIRCLE('',#2799,0.150000000000002);
#821=CIRCLE('',#2802,0.25);
#822=CIRCLE('',#2803,0.25);
#823=CIRCLE('',#2804,0.25);
#824=CIRCLE('',#2806,0.200000000000003);
#825=CIRCLE('',#2807,0.308578643762691);
#826=CIRCLE('',#2808,0.308578643762691);
#827=CIRCLE('',#2809,0.308578643762691);
#828=CIRCLE('',#2811,0.317157287525339);
#829=CIRCLE('',#2815,3.4);
#830=CIRCLE('',#2817,3.4);
#831=CIRCLE('',#2820,4.75);
#832=CIRCLE('',#2823,6.);
#833=CIRCLE('',#2827,6.);
#834=CIRCLE('',#2830,5.15);
#835=CIRCLE('',#2831,5.15);
#836=CIRCLE('',#2832,5.15);
#837=CIRCLE('',#2836,0.1);
#838=CIRCLE('',#2837,0.1);
#839=CIRCLE('',#2840,0.1);
#840=CIRCLE('',#2841,0.1);
#841=CIRCLE('',#2843,0.1);
#842=CIRCLE('',#2844,0.1);
#843=CIRCLE('',#2847,0.1);
#844=CIRCLE('',#2848,0.1);
#845=CIRCLE('',#2850,0.1);
#846=CIRCLE('',#2851,0.1);
#847=CIRCLE('',#2854,0.1);
#848=CIRCLE('',#2855,0.1);
#849=CIRCLE('',#2857,0.1);
#850=CIRCLE('',#2858,0.1);
#851=CIRCLE('',#2861,0.1);
#852=CIRCLE('',#2862,0.1);
#853=CIRCLE('',#2864,0.2);
#854=CIRCLE('',#2867,8.);
#855=CIRCLE('',#2868,0.2);
#856=CIRCLE('',#2869,0.2);
#857=CIRCLE('',#2870,8.);
#858=CIRCLE('',#2871,0.2);
#859=CIRCLE('',#2872,0.2);
#860=CIRCLE('',#2873,8.);
#861=CIRCLE('',#2874,0.2);
#862=CIRCLE('',#2875,0.2);
#863=CIRCLE('',#2876,8.);
#864=CIRCLE('',#2877,0.2);
#865=CIRCLE('',#2878,6.);
#866=CIRCLE('',#2881,8.);
#867=CIRCLE('',#2886,8.);
#868=CIRCLE('',#2891,8.);
#869=CIRCLE('',#2894,8.);
#870=CIRCLE('',#2901,7.16284210967505);
#871=CIRCLE('',#2903,7.16284210967505);
#872=CIRCLE('',#2905,7.16284210967505);
#873=CIRCLE('',#2907,7.16284210967505);
#874=CIRCLE('',#2909,6.);
#875=CIRCLE('',#2912,5.5);
#876=CIRCLE('',#2914,5.5);
#877=CIRCLE('',#2915,5.5);
#878=CIRCLE('',#2919,7.9);
#879=CIRCLE('',#2920,7.);
#880=CIRCLE('',#2922,7.);
#881=CIRCLE('',#2923,7.9);
#882=CIRCLE('',#2925,7.);
#883=CIRCLE('',#2926,7.9);
#884=CIRCLE('',#2928,7.9);
#885=CIRCLE('',#2929,7.);
#886=CIRCLE('',#2931,7.);
#887=CIRCLE('',#2932,7.9);
#888=CIRCLE('',#2934,7.9);
#889=CIRCLE('',#2935,7.);
#890=CIRCLE('',#2937,7.9);
#891=CIRCLE('',#2938,7.);
#892=CIRCLE('',#2940,7.9);
#893=CIRCLE('',#2941,7.);
#894=CIRCLE('',#2943,7.);
#895=CIRCLE('',#2944,7.9);
#896=CIRCLE('',#2946,7.);
#897=CIRCLE('',#2947,7.9);
#898=CIRCLE('',#2949,7.);
#899=CIRCLE('',#2950,7.9);
#900=CIRCLE('',#2952,7.);
#901=CIRCLE('',#2953,7.9);
#902=CIRCLE('',#2961,5.9);
#903=CIRCLE('',#2962,5.5);
#904=CIRCLE('',#2964,5.5);
#905=CIRCLE('',#2965,5.5);
#906=CIRCLE('',#2968,5.9);
#907=VERTEX_POINT('',#3780);
#908=VERTEX_POINT('',#3781);
#909=VERTEX_POINT('',#3783);
#910=VERTEX_POINT('',#3785);
#911=VERTEX_POINT('',#3788);
#912=VERTEX_POINT('',#3790);
#913=VERTEX_POINT('',#3801);
#914=VERTEX_POINT('',#3814);
#915=VERTEX_POINT('',#3815);
#916=VERTEX_POINT('',#3819);
#917=VERTEX_POINT('',#3821);
#918=VERTEX_POINT('',#3825);
#919=VERTEX_POINT('',#3829);
#920=VERTEX_POINT('',#3831);
#921=VERTEX_POINT('',#3833);
#922=VERTEX_POINT('',#3838);
#923=VERTEX_POINT('',#3839);
#924=VERTEX_POINT('',#3841);
#925=VERTEX_POINT('',#3843);
#926=VERTEX_POINT('',#3847);
#927=VERTEX_POINT('',#3848);
#928=VERTEX_POINT('',#3851);
#929=VERTEX_POINT('',#3856);
#930=VERTEX_POINT('',#3857);
#931=VERTEX_POINT('',#3859);
#932=VERTEX_POINT('',#3864);
#933=VERTEX_POINT('',#3866);
#934=VERTEX_POINT('',#3868);
#935=VERTEX_POINT('',#3872);
#936=VERTEX_POINT('',#3876);
#937=VERTEX_POINT('',#3877);
#938=VERTEX_POINT('',#3880);
#939=VERTEX_POINT('',#3885);
#940=VERTEX_POINT('',#3886);
#941=VERTEX_POINT('',#3888);
#942=VERTEX_POINT('',#3893);
#943=VERTEX_POINT('',#3895);
#944=VERTEX_POINT('',#3897);
#945=VERTEX_POINT('',#3901);
#946=VERTEX_POINT('',#3905);
#947=VERTEX_POINT('',#3906);
#948=VERTEX_POINT('',#3909);
#949=VERTEX_POINT('',#3914);
#950=VERTEX_POINT('',#3915);
#951=VERTEX_POINT('',#3917);
#952=VERTEX_POINT('',#3922);
#953=VERTEX_POINT('',#3924);
#954=VERTEX_POINT('',#3926);
#955=VERTEX_POINT('',#3930);
#956=VERTEX_POINT('',#3934);
#957=VERTEX_POINT('',#3935);
#958=VERTEX_POINT('',#3938);
#959=VERTEX_POINT('',#3943);
#960=VERTEX_POINT('',#3944);
#961=VERTEX_POINT('',#3946);
#962=VERTEX_POINT('',#3951);
#963=VERTEX_POINT('',#3953);
#964=VERTEX_POINT('',#3955);
#965=VERTEX_POINT('',#3959);
#966=VERTEX_POINT('',#3963);
#967=VERTEX_POINT('',#3964);
#968=VERTEX_POINT('',#3967);
#969=VERTEX_POINT('',#3972);
#970=VERTEX_POINT('',#3973);
#971=VERTEX_POINT('',#3975);
#972=VERTEX_POINT('',#3980);
#973=VERTEX_POINT('',#3982);
#974=VERTEX_POINT('',#3984);
#975=VERTEX_POINT('',#3988);
#976=VERTEX_POINT('',#3992);
#977=VERTEX_POINT('',#3993);
#978=VERTEX_POINT('',#3996);
#979=VERTEX_POINT('',#4001);
#980=VERTEX_POINT('',#4002);
#981=VERTEX_POINT('',#4004);
#982=VERTEX_POINT('',#4009);
#983=VERTEX_POINT('',#4011);
#984=VERTEX_POINT('',#4013);
#985=VERTEX_POINT('',#4017);
#986=VERTEX_POINT('',#4021);
#987=VERTEX_POINT('',#4022);
#988=VERTEX_POINT('',#4025);
#989=VERTEX_POINT('',#4030);
#990=VERTEX_POINT('',#4031);
#991=VERTEX_POINT('',#4033);
#992=VERTEX_POINT('',#4038);
#993=VERTEX_POINT('',#4040);
#994=VERTEX_POINT('',#4042);
#995=VERTEX_POINT('',#4046);
#996=VERTEX_POINT('',#4050);
#997=VERTEX_POINT('',#4051);
#998=VERTEX_POINT('',#4054);
#999=VERTEX_POINT('',#4059);
#1000=VERTEX_POINT('',#4060);
#1001=VERTEX_POINT('',#4062);
#1002=VERTEX_POINT('',#4067);
#1003=VERTEX_POINT('',#4069);
#1004=VERTEX_POINT('',#4071);
#1005=VERTEX_POINT('',#4075);
#1006=VERTEX_POINT('',#4079);
#1007=VERTEX_POINT('',#4080);
#1008=VERTEX_POINT('',#4083);
#1009=VERTEX_POINT('',#4088);
#1010=VERTEX_POINT('',#4089);
#1011=VERTEX_POINT('',#4091);
#1012=VERTEX_POINT('',#4096);
#1013=VERTEX_POINT('',#4098);
#1014=VERTEX_POINT('',#4100);
#1015=VERTEX_POINT('',#4104);
#1016=VERTEX_POINT('',#4108);
#1017=VERTEX_POINT('',#4109);
#1018=VERTEX_POINT('',#4112);
#1019=VERTEX_POINT('',#4117);
#1020=VERTEX_POINT('',#4118);
#1021=VERTEX_POINT('',#4120);
#1022=VERTEX_POINT('',#4125);
#1023=VERTEX_POINT('',#4127);
#1024=VERTEX_POINT('',#4129);
#1025=VERTEX_POINT('',#4133);
#1026=VERTEX_POINT('',#4138);
#1027=VERTEX_POINT('',#4139);
#1028=VERTEX_POINT('',#4153);
#1029=VERTEX_POINT('',#4157);
#1030=VERTEX_POINT('',#4172);
#1031=VERTEX_POINT('',#4175);
#1032=VERTEX_POINT('',#4180);
#1033=VERTEX_POINT('',#4186);
#1034=VERTEX_POINT('',#4194);
#1035=VERTEX_POINT('',#4203);
#1036=VERTEX_POINT('',#4204);
#1037=VERTEX_POINT('',#4206);
#1038=VERTEX_POINT('',#4214);
#1039=VERTEX_POINT('',#4215);
#1040=VERTEX_POINT('',#4225);
#1041=VERTEX_POINT('',#4227);
#1042=VERTEX_POINT('',#4229);
#1043=VERTEX_POINT('',#4233);
#1044=VERTEX_POINT('',#4235);
#1045=VERTEX_POINT('',#4239);
#1046=VERTEX_POINT('',#4241);
#1047=VERTEX_POINT('',#4243);
#1048=VERTEX_POINT('',#4255);
#1049=VERTEX_POINT('',#4256);
#1050=VERTEX_POINT('',#4258);
#1051=VERTEX_POINT('',#4260);
#1052=VERTEX_POINT('',#4262);
#1053=VERTEX_POINT('',#4274);
#1054=VERTEX_POINT('',#4276);
#1055=VERTEX_POINT('',#4280);
#1056=VERTEX_POINT('',#4281);
#1057=VERTEX_POINT('',#4291);
#1058=VERTEX_POINT('',#4296);
#1059=VERTEX_POINT('',#4297);
#1060=VERTEX_POINT('',#4307);
#1061=VERTEX_POINT('',#4309);
#1062=VERTEX_POINT('',#4311);
#1063=VERTEX_POINT('',#4315);
#1064=VERTEX_POINT('',#4317);
#1065=VERTEX_POINT('',#4321);
#1066=VERTEX_POINT('',#4323);
#1067=VERTEX_POINT('',#4325);
#1068=VERTEX_POINT('',#4337);
#1069=VERTEX_POINT('',#4338);
#1070=VERTEX_POINT('',#4340);
#1071=VERTEX_POINT('',#4342);
#1072=VERTEX_POINT('',#4344);
#1073=VERTEX_POINT('',#4356);
#1074=VERTEX_POINT('',#4358);
#1075=VERTEX_POINT('',#4362);
#1076=VERTEX_POINT('',#4363);
#1077=VERTEX_POINT('',#4373);
#1078=VERTEX_POINT('',#4378);
#1079=VERTEX_POINT('',#4379);
#1080=VERTEX_POINT('',#4392);
#1081=VERTEX_POINT('',#4394);
#1082=VERTEX_POINT('',#4403);
#1083=VERTEX_POINT('',#4405);
#1084=VERTEX_POINT('',#4408);
#1085=VERTEX_POINT('',#4410);
#1086=VERTEX_POINT('',#4412);
#1087=VERTEX_POINT('',#4414);
#1088=VERTEX_POINT('',#4417);
#1089=VERTEX_POINT('',#4419);
#1090=VERTEX_POINT('',#4421);
#1091=VERTEX_POINT('',#4423);
#1092=VERTEX_POINT('',#4426);
#1093=VERTEX_POINT('',#4428);
#1094=VERTEX_POINT('',#4430);
#1095=VERTEX_POINT('',#4432);
#1096=VERTEX_POINT('',#4435);
#1097=VERTEX_POINT('',#4438);
#1098=VERTEX_POINT('',#4440);
#1099=VERTEX_POINT('',#4455);
#1100=VERTEX_POINT('',#4459);
#1101=VERTEX_POINT('',#4478);
#1102=VERTEX_POINT('',#4480);
#1103=VERTEX_POINT('',#4495);
#1104=VERTEX_POINT('',#4499);
#1105=VERTEX_POINT('',#4518);
#1106=VERTEX_POINT('',#4520);
#1107=VERTEX_POINT('',#4535);
#1108=VERTEX_POINT('',#4539);
#1109=VERTEX_POINT('',#4541);
#1110=VERTEX_POINT('',#4558);
#1111=VERTEX_POINT('',#4600);
#1112=VERTEX_POINT('',#4604);
#1113=VERTEX_POINT('',#4608);
#1114=VERTEX_POINT('',#4609);
#1115=VERTEX_POINT('',#4617);
#1116=VERTEX_POINT('',#4618);
#1117=VERTEX_POINT('',#4622);
#1118=VERTEX_POINT('',#4624);
#1119=VERTEX_POINT('',#4630);
#1120=VERTEX_POINT('',#4631);
#1121=VERTEX_POINT('',#4636);
#1122=VERTEX_POINT('',#4642);
#1123=VERTEX_POINT('',#4643);
#1124=VERTEX_POINT('',#4648);
#1125=VERTEX_POINT('',#4654);
#1126=VERTEX_POINT('',#4655);
#1127=VERTEX_POINT('',#4659);
#1128=VERTEX_POINT('',#4666);
#1129=VERTEX_POINT('',#4667);
#1130=VERTEX_POINT('',#4672);
#1131=VERTEX_POINT('',#4678);
#1132=VERTEX_POINT('',#4682);
#1133=VERTEX_POINT('',#4689);
#1134=VERTEX_POINT('',#4690);
#1135=VERTEX_POINT('',#4694);
#1136=VERTEX_POINT('',#4696);
#1137=VERTEX_POINT('',#4702);
#1138=VERTEX_POINT('',#4703);
#1139=VERTEX_POINT('',#4707);
#1140=VERTEX_POINT('',#4714);
#1141=VERTEX_POINT('',#4715);
#1142=VERTEX_POINT('',#4720);
#1143=VERTEX_POINT('',#4726);
#1144=VERTEX_POINT('',#4727);
#1145=VERTEX_POINT('',#4732);
#1146=VERTEX_POINT('',#4738);
#1147=VERTEX_POINT('',#4742);
#1148=VERTEX_POINT('',#4744);
#1149=VERTEX_POINT('',#4750);
#1150=VERTEX_POINT('',#4755);
#1151=VERTEX_POINT('',#4775);
#1152=VERTEX_POINT('',#4777);
#1153=VERTEX_POINT('',#4781);
#1154=VERTEX_POINT('',#4782);
#1155=VERTEX_POINT('',#4788);
#1156=EDGE_CURVE('',#907,#908,#707,.T.);
#1157=EDGE_CURVE('',#908,#909,#487,.T.);
#1158=EDGE_CURVE('',#909,#910,#708,.T.);
#1159=EDGE_CURVE('',#910,#909,#709,.T.);
#1160=EDGE_CURVE('',#908,#911,#710,.T.);
#1161=EDGE_CURVE('',#912,#911,#467,.F.);
#1162=EDGE_CURVE('',#912,#913,#711,.T.);
#1163=EDGE_CURVE('',#907,#913,#468,.F.);
#1164=EDGE_CURVE('',#914,#915,#95,.T.);
#1165=EDGE_CURVE('',#916,#915,#712,.T.);
#1166=EDGE_CURVE('',#916,#917,#96,.T.);
#1167=EDGE_CURVE('',#917,#918,#97,.T.);
#1168=EDGE_CURVE('',#919,#918,#713,.T.);
#1169=EDGE_CURVE('',#919,#920,#488,.T.);
#1170=EDGE_CURVE('',#920,#921,#714,.T.);
#1171=EDGE_CURVE('',#921,#920,#715,.T.);
#1172=EDGE_CURVE('',#914,#919,#716,.T.);
#1173=EDGE_CURVE('',#922,#923,#717,.T.);
#1174=EDGE_CURVE('',#922,#924,#489,.T.);
#1175=EDGE_CURVE('',#925,#924,#718,.T.);
#1176=EDGE_CURVE('',#925,#923,#490,.T.);
#1177=EDGE_CURVE('',#926,#927,#719,.T.);
#1178=EDGE_CURVE('',#927,#926,#720,.T.);
#1179=EDGE_CURVE('',#926,#928,#491,.T.);
#1180=EDGE_CURVE('',#928,#928,#721,.T.);
#1181=EDGE_CURVE('',#929,#930,#722,.T.);
#1182=EDGE_CURVE('',#931,#929,#723,.T.);
#1183=EDGE_CURVE('',#931,#927,#492,.T.);
#1184=EDGE_CURVE('',#930,#931,#724,.T.);
#1185=EDGE_CURVE('',#930,#932,#725,.T.);
#1186=EDGE_CURVE('',#933,#932,#726,.T.);
#1187=EDGE_CURVE('',#934,#933,#727,.T.);
#1188=EDGE_CURVE('',#932,#934,#728,.T.);
#1189=EDGE_CURVE('',#935,#935,#729,.T.);
#1190=EDGE_CURVE('',#935,#934,#493,.T.);
#1191=EDGE_CURVE('',#936,#937,#730,.T.);
#1192=EDGE_CURVE('',#937,#936,#731,.T.);
#1193=EDGE_CURVE('',#936,#938,#494,.T.);
#1194=EDGE_CURVE('',#938,#938,#732,.T.);
#1195=EDGE_CURVE('',#939,#940,#733,.T.);
#1196=EDGE_CURVE('',#941,#939,#734,.T.);
#1197=EDGE_CURVE('',#941,#937,#495,.T.);
#1198=EDGE_CURVE('',#940,#941,#735,.T.);
#1199=EDGE_CURVE('',#940,#942,#736,.T.);
#1200=EDGE_CURVE('',#943,#942,#737,.T.);
#1201=EDGE_CURVE('',#944,#943,#738,.T.);
#1202=EDGE_CURVE('',#942,#944,#739,.T.);
#1203=EDGE_CURVE('',#945,#945,#740,.T.);
#1204=EDGE_CURVE('',#945,#944,#496,.T.);
#1205=EDGE_CURVE('',#946,#947,#741,.T.);
#1206=EDGE_CURVE('',#947,#946,#742,.T.);
#1207=EDGE_CURVE('',#946,#948,#497,.T.);
#1208=EDGE_CURVE('',#948,#948,#743,.T.);
#1209=EDGE_CURVE('',#949,#950,#744,.T.);
#1210=EDGE_CURVE('',#951,#949,#745,.T.);
#1211=EDGE_CURVE('',#951,#947,#498,.T.);
#1212=EDGE_CURVE('',#950,#951,#746,.T.);
#1213=EDGE_CURVE('',#950,#952,#747,.T.);
#1214=EDGE_CURVE('',#953,#952,#748,.T.);
#1215=EDGE_CURVE('',#954,#953,#749,.T.);
#1216=EDGE_CURVE('',#952,#954,#750,.T.);
#1217=EDGE_CURVE('',#955,#955,#751,.T.);
#1218=EDGE_CURVE('',#955,#954,#499,.T.);
#1219=EDGE_CURVE('',#956,#957,#752,.T.);
#1220=EDGE_CURVE('',#957,#956,#753,.T.);
#1221=EDGE_CURVE('',#956,#958,#500,.T.);
#1222=EDGE_CURVE('',#958,#958,#754,.T.);
#1223=EDGE_CURVE('',#959,#960,#755,.T.);
#1224=EDGE_CURVE('',#961,#959,#756,.T.);
#1225=EDGE_CURVE('',#961,#957,#501,.T.);
#1226=EDGE_CURVE('',#960,#961,#757,.T.);
#1227=EDGE_CURVE('',#960,#962,#758,.T.);
#1228=EDGE_CURVE('',#963,#962,#759,.T.);
#1229=EDGE_CURVE('',#964,#963,#760,.T.);
#1230=EDGE_CURVE('',#962,#964,#761,.T.);
#1231=EDGE_CURVE('',#965,#965,#762,.T.);
#1232=EDGE_CURVE('',#965,#964,#502,.T.);
#1233=EDGE_CURVE('',#966,#967,#763,.T.);
#1234=EDGE_CURVE('',#967,#966,#764,.T.);
#1235=EDGE_CURVE('',#966,#968,#503,.T.);
#1236=EDGE_CURVE('',#968,#968,#765,.T.);
#1237=EDGE_CURVE('',#969,#970,#766,.T.);
#1238=EDGE_CURVE('',#971,#969,#767,.T.);
#1239=EDGE_CURVE('',#971,#967,#504,.T.);
#1240=EDGE_CURVE('',#970,#971,#768,.T.);
#1241=EDGE_CURVE('',#970,#972,#769,.T.);
#1242=EDGE_CURVE('',#973,#972,#770,.T.);
#1243=EDGE_CURVE('',#974,#973,#771,.T.);
#1244=EDGE_CURVE('',#972,#974,#772,.T.);
#1245=EDGE_CURVE('',#975,#975,#773,.T.);
#1246=EDGE_CURVE('',#975,#974,#505,.T.);
#1247=EDGE_CURVE('',#976,#977,#774,.T.);
#1248=EDGE_CURVE('',#977,#976,#775,.T.);
#1249=EDGE_CURVE('',#976,#978,#506,.T.);
#1250=EDGE_CURVE('',#978,#978,#776,.T.);
#1251=EDGE_CURVE('',#979,#980,#777,.T.);
#1252=EDGE_CURVE('',#981,#979,#778,.T.);
#1253=EDGE_CURVE('',#981,#977,#507,.T.);
#1254=EDGE_CURVE('',#980,#981,#779,.T.);
#1255=EDGE_CURVE('',#980,#982,#780,.T.);
#1256=EDGE_CURVE('',#983,#982,#781,.T.);
#1257=EDGE_CURVE('',#984,#983,#782,.T.);
#1258=EDGE_CURVE('',#982,#984,#783,.T.);
#1259=EDGE_CURVE('',#985,#985,#784,.T.);
#1260=EDGE_CURVE('',#985,#984,#508,.T.);
#1261=EDGE_CURVE('',#986,#987,#785,.T.);
#1262=EDGE_CURVE('',#987,#986,#786,.T.);
#1263=EDGE_CURVE('',#986,#988,#509,.T.);
#1264=EDGE_CURVE('',#988,#988,#787,.T.);
#1265=EDGE_CURVE('',#989,#990,#788,.T.);
#1266=EDGE_CURVE('',#991,#989,#789,.T.);
#1267=EDGE_CURVE('',#991,#987,#510,.T.);
#1268=EDGE_CURVE('',#990,#991,#790,.T.);
#1269=EDGE_CURVE('',#990,#992,#791,.T.);
#1270=EDGE_CURVE('',#993,#992,#792,.T.);
#1271=EDGE_CURVE('',#994,#993,#793,.T.);
#1272=EDGE_CURVE('',#992,#994,#794,.T.);
#1273=EDGE_CURVE('',#995,#995,#795,.T.);
#1274=EDGE_CURVE('',#995,#994,#511,.T.);
#1275=EDGE_CURVE('',#996,#997,#796,.T.);
#1276=EDGE_CURVE('',#997,#996,#797,.T.);
#1277=EDGE_CURVE('',#996,#998,#512,.T.);
#1278=EDGE_CURVE('',#998,#998,#798,.T.);
#1279=EDGE_CURVE('',#999,#1000,#799,.T.);
#1280=EDGE_CURVE('',#1001,#999,#800,.T.);
#1281=EDGE_CURVE('',#1001,#997,#513,.T.);
#1282=EDGE_CURVE('',#1000,#1001,#801,.T.);
#1283=EDGE_CURVE('',#1000,#1002,#802,.T.);
#1284=EDGE_CURVE('',#1003,#1002,#803,.T.);
#1285=EDGE_CURVE('',#1004,#1003,#804,.T.);
#1286=EDGE_CURVE('',#1002,#1004,#805,.T.);
#1287=EDGE_CURVE('',#1005,#1005,#806,.T.);
#1288=EDGE_CURVE('',#1005,#1004,#514,.T.);
#1289=EDGE_CURVE('',#1006,#1007,#807,.T.);
#1290=EDGE_CURVE('',#1007,#1006,#808,.T.);
#1291=EDGE_CURVE('',#1006,#1008,#515,.T.);
#1292=EDGE_CURVE('',#1008,#1008,#809,.T.);
#1293=EDGE_CURVE('',#1009,#1010,#810,.T.);
#1294=EDGE_CURVE('',#1011,#1009,#811,.T.);
#1295=EDGE_CURVE('',#1011,#1007,#516,.T.);
#1296=EDGE_CURVE('',#1010,#1011,#812,.T.);
#1297=EDGE_CURVE('',#1010,#1012,#813,.T.);
#1298=EDGE_CURVE('',#1013,#1012,#814,.T.);
#1299=EDGE_CURVE('',#1014,#1013,#815,.T.);
#1300=EDGE_CURVE('',#1012,#1014,#816,.T.);
#1301=EDGE_CURVE('',#1015,#1015,#817,.T.);
#1302=EDGE_CURVE('',#1015,#1014,#517,.T.);
#1303=EDGE_CURVE('',#1016,#1017,#818,.T.);
#1304=EDGE_CURVE('',#1017,#1016,#819,.T.);
#1305=EDGE_CURVE('',#1016,#1018,#518,.T.);
#1306=EDGE_CURVE('',#1018,#1018,#820,.T.);
#1307=EDGE_CURVE('',#1019,#1020,#821,.T.);
#1308=EDGE_CURVE('',#1021,#1019,#822,.T.);
#1309=EDGE_CURVE('',#1021,#1017,#519,.T.);
#1310=EDGE_CURVE('',#1020,#1021,#823,.T.);
#1311=EDGE_CURVE('',#1020,#1022,#824,.T.);
#1312=EDGE_CURVE('',#1023,#1022,#825,.T.);
#1313=EDGE_CURVE('',#1024,#1023,#826,.T.);
#1314=EDGE_CURVE('',#1022,#1024,#827,.T.);
#1315=EDGE_CURVE('',#1025,#1025,#828,.T.);
#1316=EDGE_CURVE('',#1025,#1024,#520,.T.);
#1317=EDGE_CURVE('',#1026,#1027,#469,.T.);
#1318=EDGE_CURVE('',#1027,#912,#521,.T.);
#1319=EDGE_CURVE('',#911,#1026,#522,.T.);
#1320=EDGE_CURVE('',#1028,#1027,#829,.T.);
#1321=EDGE_CURVE('',#913,#1028,#523,.T.);
#1322=EDGE_CURVE('',#1026,#1029,#830,.T.);
#1323=EDGE_CURVE('',#1028,#1029,#470,.T.);
#1324=EDGE_CURVE('',#1029,#907,#524,.T.);
#1325=EDGE_CURVE('',#1030,#1030,#831,.T.);
#1326=EDGE_CURVE('',#1031,#916,#525,.T.);
#1327=EDGE_CURVE('',#923,#1031,#98,.T.);
#1328=EDGE_CURVE('',#1032,#925,#99,.T.);
#1329=EDGE_CURVE('',#918,#1032,#526,.T.);
#1330=EDGE_CURVE('',#1033,#1032,#832,.T.);
#1331=EDGE_CURVE('',#1033,#914,#527,.T.);
#1332=EDGE_CURVE('',#924,#1033,#100,.T.);
#1333=EDGE_CURVE('',#1034,#922,#101,.T.);
#1334=EDGE_CURVE('',#915,#1034,#528,.T.);
#1335=EDGE_CURVE('',#1031,#1034,#833,.T.);
#1336=EDGE_CURVE('',#1035,#1036,#834,.T.);
#1337=EDGE_CURVE('',#1036,#1037,#835,.T.);
#1338=EDGE_CURVE('',#1037,#1035,#836,.T.);
#1339=EDGE_CURVE('',#1035,#1030,#529,.T.);
#1340=EDGE_CURVE('',#920,#1036,#530,.T.);
#1341=EDGE_CURVE('',#1038,#1039,#471,.F.);
#1342=EDGE_CURVE('',#1038,#1040,#531,.T.);
#1343=EDGE_CURVE('',#1040,#1041,#837,.T.);
#1344=EDGE_CURVE('',#1041,#1042,#532,.T.);
#1345=EDGE_CURVE('',#1042,#1039,#838,.T.);
#1346=EDGE_CURVE('',#1043,#1041,#533,.T.);
#1347=EDGE_CURVE('',#1044,#1043,#534,.T.);
#1348=EDGE_CURVE('',#1042,#1044,#535,.T.);
#1349=EDGE_CURVE('',#1044,#1045,#839,.F.);
#1350=EDGE_CURVE('',#1043,#1046,#840,.T.);
#1351=EDGE_CURVE('',#1046,#1047,#536,.T.);
#1352=EDGE_CURVE('',#1047,#1045,#472,.T.);
#1353=EDGE_CURVE('',#1048,#1049,#841,.F.);
#1354=EDGE_CURVE('',#1048,#1050,#537,.T.);
#1355=EDGE_CURVE('',#1050,#1051,#842,.T.);
#1356=EDGE_CURVE('',#1051,#1052,#538,.T.);
#1357=EDGE_CURVE('',#1052,#1049,#473,.T.);
#1358=EDGE_CURVE('',#1053,#1048,#539,.T.);
#1359=EDGE_CURVE('',#1054,#1053,#540,.T.);
#1360=EDGE_CURVE('',#1050,#1054,#541,.T.);
#1361=EDGE_CURVE('',#1055,#1056,#474,.F.);
#1362=EDGE_CURVE('',#1055,#1057,#542,.T.);
#1363=EDGE_CURVE('',#1057,#1054,#843,.T.);
#1364=EDGE_CURVE('',#1053,#1056,#844,.T.);
#1365=EDGE_CURVE('',#1058,#1059,#475,.F.);
#1366=EDGE_CURVE('',#1058,#1060,#543,.T.);
#1367=EDGE_CURVE('',#1060,#1061,#845,.T.);
#1368=EDGE_CURVE('',#1061,#1062,#544,.T.);
#1369=EDGE_CURVE('',#1062,#1059,#846,.T.);
#1370=EDGE_CURVE('',#1063,#1061,#545,.T.);
#1371=EDGE_CURVE('',#1064,#1063,#546,.T.);
#1372=EDGE_CURVE('',#1062,#1064,#547,.T.);
#1373=EDGE_CURVE('',#1064,#1065,#847,.F.);
#1374=EDGE_CURVE('',#1063,#1066,#848,.T.);
#1375=EDGE_CURVE('',#1066,#1067,#548,.T.);
#1376=EDGE_CURVE('',#1067,#1065,#476,.T.);
#1377=EDGE_CURVE('',#1068,#1069,#849,.F.);
#1378=EDGE_CURVE('',#1068,#1070,#549,.T.);
#1379=EDGE_CURVE('',#1070,#1071,#850,.T.);
#1380=EDGE_CURVE('',#1071,#1072,#550,.T.);
#1381=EDGE_CURVE('',#1072,#1069,#477,.T.);
#1382=EDGE_CURVE('',#1073,#1068,#551,.T.);
#1383=EDGE_CURVE('',#1074,#1073,#552,.T.);
#1384=EDGE_CURVE('',#1070,#1074,#553,.T.);
#1385=EDGE_CURVE('',#1075,#1076,#478,.F.);
#1386=EDGE_CURVE('',#1075,#1077,#554,.T.);
#1387=EDGE_CURVE('',#1077,#1074,#851,.T.);
#1388=EDGE_CURVE('',#1073,#1076,#852,.T.);
#1389=EDGE_CURVE('',#1078,#1079,#479,.T.);
#1390=EDGE_CURVE('',#1079,#1080,#555,.T.);
#1391=EDGE_CURVE('',#1080,#1081,#853,.T.);
#1392=EDGE_CURVE('',#1081,#1078,#556,.T.);
#1393=EDGE_CURVE('',#1078,#1075,#102,.T.);
#1394=EDGE_CURVE('',#1077,#1081,#557,.T.);
#1395=EDGE_CURVE('',#1082,#1080,#854,.T.);
#1396=EDGE_CURVE('',#1083,#1082,#855,.T.);
#1397=EDGE_CURVE('',#1083,#1046,#558,.T.);
#1398=EDGE_CURVE('',#1040,#1084,#559,.T.);
#1399=EDGE_CURVE('',#1085,#1084,#856,.T.);
#1400=EDGE_CURVE('',#1086,#1085,#857,.T.);
#1401=EDGE_CURVE('',#1087,#1086,#858,.T.);
#1402=EDGE_CURVE('',#1087,#1051,#560,.T.);
#1403=EDGE_CURVE('',#1057,#1088,#561,.T.);
#1404=EDGE_CURVE('',#1089,#1088,#859,.T.);
#1405=EDGE_CURVE('',#1090,#1089,#860,.T.);
#1406=EDGE_CURVE('',#1091,#1090,#861,.T.);
#1407=EDGE_CURVE('',#1091,#1066,#562,.T.);
#1408=EDGE_CURVE('',#1060,#1092,#563,.T.);
#1409=EDGE_CURVE('',#1093,#1092,#862,.T.);
#1410=EDGE_CURVE('',#1094,#1093,#863,.T.);
#1411=EDGE_CURVE('',#1095,#1094,#864,.T.);
#1412=EDGE_CURVE('',#1095,#1071,#564,.T.);
#1413=EDGE_CURVE('',#1096,#1096,#865,.T.);
#1414=EDGE_CURVE('',#1094,#1097,#565,.T.);
#1415=EDGE_CURVE('',#1097,#1098,#480,.T.);
#1416=EDGE_CURVE('',#1098,#1095,#566,.T.);
#1417=EDGE_CURVE('',#1099,#1093,#567,.T.);
#1418=EDGE_CURVE('',#1097,#1099,#866,.T.);
#1419=EDGE_CURVE('',#1100,#1099,#481,.T.);
#1420=EDGE_CURVE('',#1092,#1100,#568,.T.);
#1421=EDGE_CURVE('',#1100,#1058,#103,.T.);
#1422=EDGE_CURVE('',#1090,#1101,#569,.T.);
#1423=EDGE_CURVE('',#1101,#1102,#482,.T.);
#1424=EDGE_CURVE('',#1102,#1091,#570,.T.);
#1425=EDGE_CURVE('',#1103,#1089,#571,.T.);
#1426=EDGE_CURVE('',#1101,#1103,#867,.T.);
#1427=EDGE_CURVE('',#1104,#1103,#483,.T.);
#1428=EDGE_CURVE('',#1088,#1104,#572,.T.);
#1429=EDGE_CURVE('',#1104,#1055,#104,.T.);
#1430=EDGE_CURVE('',#1086,#1105,#573,.T.);
#1431=EDGE_CURVE('',#1105,#1106,#484,.T.);
#1432=EDGE_CURVE('',#1106,#1087,#574,.T.);
#1433=EDGE_CURVE('',#1107,#1085,#575,.T.);
#1434=EDGE_CURVE('',#1105,#1107,#868,.T.);
#1435=EDGE_CURVE('',#1082,#1108,#576,.T.);
#1436=EDGE_CURVE('',#1108,#1109,#485,.T.);
#1437=EDGE_CURVE('',#1109,#1083,#577,.T.);
#1438=EDGE_CURVE('',#1108,#1079,#869,.T.);
#1439=EDGE_CURVE('',#1110,#1107,#486,.T.);
#1440=EDGE_CURVE('',#1084,#1110,#578,.T.);
#1441=EDGE_CURVE('',#1067,#1102,#105,.T.);
#1442=EDGE_CURVE('',#1072,#1098,#106,.T.);
#1443=EDGE_CURVE('',#1110,#1038,#107,.T.);
#1444=EDGE_CURVE('',#1047,#1109,#108,.T.);
#1445=EDGE_CURVE('',#1039,#1049,#870,.F.);
#1446=EDGE_CURVE('',#1052,#1106,#109,.T.);
#1447=EDGE_CURVE('',#1076,#1045,#871,.F.);
#1448=EDGE_CURVE('',#1056,#1065,#872,.F.);
#1449=EDGE_CURVE('',#1059,#1069,#873,.F.);
#1450=EDGE_CURVE('',#1111,#1111,#874,.T.);
#1451=EDGE_CURVE('',#1096,#1112,#579,.T.);
#1452=EDGE_CURVE('',#1112,#1112,#875,.T.);
#1453=EDGE_CURVE('',#1113,#1114,#876,.T.);
#1454=EDGE_CURVE('',#1114,#1113,#877,.T.);
#1455=EDGE_CURVE('',#1114,#1112,#580,.T.);
#1456=EDGE_CURVE('',#1111,#1113,#581,.T.);
#1457=EDGE_CURVE('',#1115,#1116,#110,.T.);
#1458=EDGE_CURVE('',#1117,#1115,#878,.T.);
#1459=EDGE_CURVE('',#1118,#1117,#111,.T.);
#1460=EDGE_CURVE('',#1116,#1118,#879,.T.);
#1461=EDGE_CURVE('',#1119,#1120,#112,.T.);
#1462=EDGE_CURVE('',#1118,#1119,#880,.T.);
#1463=EDGE_CURVE('',#1121,#1118,#113,.T.);
#1464=EDGE_CURVE('',#1120,#1121,#881,.T.);
#1465=EDGE_CURVE('',#1122,#1123,#114,.T.);
#1466=EDGE_CURVE('',#1119,#1122,#882,.T.);
#1467=EDGE_CURVE('',#1124,#1119,#115,.T.);
#1468=EDGE_CURVE('',#1123,#1124,#883,.T.);
#1469=EDGE_CURVE('',#1125,#1126,#116,.T.);
#1470=EDGE_CURVE('',#1127,#1125,#884,.T.);
#1471=EDGE_CURVE('',#1116,#1127,#117,.T.);
#1472=EDGE_CURVE('',#1126,#1116,#885,.T.);
#1473=EDGE_CURVE('',#1128,#1129,#118,.T.);
#1474=EDGE_CURVE('',#1122,#1128,#886,.T.);
#1475=EDGE_CURVE('',#1130,#1122,#119,.T.);
#1476=EDGE_CURVE('',#1129,#1130,#887,.T.);
#1477=EDGE_CURVE('',#1131,#1128,#120,.T.);
#1478=EDGE_CURVE('',#1132,#1131,#888,.T.);
#1479=EDGE_CURVE('',#1126,#1132,#121,.T.);
#1480=EDGE_CURVE('',#1128,#1126,#889,.T.);
#1481=EDGE_CURVE('',#1133,#1134,#122,.T.);
#1482=EDGE_CURVE('',#1135,#1133,#890,.T.);
#1483=EDGE_CURVE('',#1136,#1135,#123,.T.);
#1484=EDGE_CURVE('',#1134,#1136,#891,.T.);
#1485=EDGE_CURVE('',#1137,#1138,#124,.T.);
#1486=EDGE_CURVE('',#1139,#1137,#892,.T.);
#1487=EDGE_CURVE('',#1134,#1139,#125,.T.);
#1488=EDGE_CURVE('',#1138,#1134,#893,.T.);
#1489=EDGE_CURVE('',#1140,#1141,#126,.T.);
#1490=EDGE_CURVE('',#1136,#1140,#894,.T.);
#1491=EDGE_CURVE('',#1142,#1136,#127,.T.);
#1492=EDGE_CURVE('',#1141,#1142,#895,.T.);
#1493=EDGE_CURVE('',#1143,#1144,#128,.T.);
#1494=EDGE_CURVE('',#1140,#1143,#896,.T.);
#1495=EDGE_CURVE('',#1145,#1140,#129,.T.);
#1496=EDGE_CURVE('',#1144,#1145,#897,.T.);
#1497=EDGE_CURVE('',#1138,#1146,#130,.T.);
#1498=EDGE_CURVE('',#1147,#1138,#898,.T.);
#1499=EDGE_CURVE('',#1148,#1147,#131,.T.);
#1500=EDGE_CURVE('',#1146,#1148,#899,.T.);
#1501=EDGE_CURVE('',#1147,#1149,#132,.T.);
#1502=EDGE_CURVE('',#1143,#1147,#900,.T.);
#1503=EDGE_CURVE('',#1150,#1143,#133,.T.);
#1504=EDGE_CURVE('',#1149,#1150,#901,.T.);
#1505=EDGE_CURVE('',#1149,#1124,#582,.T.);
#1506=EDGE_CURVE('',#1150,#1123,#583,.T.);
#1507=EDGE_CURVE('',#1146,#1121,#584,.T.);
#1508=EDGE_CURVE('',#1148,#1120,#585,.T.);
#1509=EDGE_CURVE('',#1144,#1130,#586,.T.);
#1510=EDGE_CURVE('',#1145,#1129,#587,.T.);
#1511=EDGE_CURVE('',#1137,#1117,#588,.T.);
#1512=EDGE_CURVE('',#1141,#1131,#589,.T.);
#1513=EDGE_CURVE('',#1151,#1151,#902,.T.);
#1514=EDGE_CURVE('',#1151,#1152,#590,.T.);
#1515=EDGE_CURVE('',#1152,#1152,#903,.T.);
#1516=EDGE_CURVE('',#1153,#1154,#904,.T.);
#1517=EDGE_CURVE('',#1154,#1153,#905,.T.);
#1518=EDGE_CURVE('',#1154,#1152,#591,.T.);
#1519=EDGE_CURVE('',#1155,#1155,#906,.T.);
#1520=EDGE_CURVE('',#1155,#1153,#592,.T.);
#1521=EDGE_CURVE('',#1135,#1125,#593,.T.);
#1522=EDGE_CURVE('',#1133,#1127,#594,.T.);
#1523=EDGE_CURVE('',#1142,#1132,#595,.T.);
#1524=EDGE_CURVE('',#1139,#1115,#596,.T.);
#1525=ORIENTED_EDGE('',*,*,#1156,.T.);
#1526=ORIENTED_EDGE('',*,*,#1157,.T.);
#1527=ORIENTED_EDGE('',*,*,#1158,.T.);
#1528=ORIENTED_EDGE('',*,*,#1159,.T.);
#1529=ORIENTED_EDGE('',*,*,#1157,.F.);
#1530=ORIENTED_EDGE('',*,*,#1160,.T.);
#1531=ORIENTED_EDGE('',*,*,#1161,.F.);
#1532=ORIENTED_EDGE('',*,*,#1162,.T.);
#1533=ORIENTED_EDGE('',*,*,#1163,.F.);
#1534=ORIENTED_EDGE('',*,*,#1164,.T.);
#1535=ORIENTED_EDGE('',*,*,#1165,.F.);
#1536=ORIENTED_EDGE('',*,*,#1166,.T.);
#1537=ORIENTED_EDGE('',*,*,#1167,.T.);
#1538=ORIENTED_EDGE('',*,*,#1168,.F.);
#1539=ORIENTED_EDGE('',*,*,#1169,.T.);
#1540=ORIENTED_EDGE('',*,*,#1170,.T.);
#1541=ORIENTED_EDGE('',*,*,#1171,.T.);
#1542=ORIENTED_EDGE('',*,*,#1169,.F.);
#1543=ORIENTED_EDGE('',*,*,#1172,.F.);
#1544=ORIENTED_EDGE('',*,*,#1173,.F.);
#1545=ORIENTED_EDGE('',*,*,#1174,.T.);
#1546=ORIENTED_EDGE('',*,*,#1175,.F.);
#1547=ORIENTED_EDGE('',*,*,#1176,.T.);
#1548=ORIENTED_EDGE('',*,*,#1177,.T.);
#1549=ORIENTED_EDGE('',*,*,#1178,.T.);
#1550=ORIENTED_EDGE('',*,*,#1179,.T.);
#1551=ORIENTED_EDGE('',*,*,#1180,.T.);
#1552=ORIENTED_EDGE('',*,*,#1179,.F.);
#1553=ORIENTED_EDGE('',*,*,#1180,.F.);
#1554=ORIENTED_EDGE('',*,*,#1181,.F.);
#1555=ORIENTED_EDGE('',*,*,#1182,.F.);
#1556=ORIENTED_EDGE('',*,*,#1183,.T.);
#1557=ORIENTED_EDGE('',*,*,#1177,.F.);
#1558=ORIENTED_EDGE('',*,*,#1178,.F.);
#1559=ORIENTED_EDGE('',*,*,#1183,.F.);
#1560=ORIENTED_EDGE('',*,*,#1184,.F.);
#1561=ORIENTED_EDGE('',*,*,#1181,.T.);
#1562=ORIENTED_EDGE('',*,*,#1185,.T.);
#1563=ORIENTED_EDGE('',*,*,#1186,.F.);
#1564=ORIENTED_EDGE('',*,*,#1187,.F.);
#1565=ORIENTED_EDGE('',*,*,#1188,.F.);
#1566=ORIENTED_EDGE('',*,*,#1185,.F.);
#1567=ORIENTED_EDGE('',*,*,#1184,.T.);
#1568=ORIENTED_EDGE('',*,*,#1182,.T.);
#1569=ORIENTED_EDGE('',*,*,#1189,.T.);
#1570=ORIENTED_EDGE('',*,*,#1190,.T.);
#1571=ORIENTED_EDGE('',*,*,#1187,.T.);
#1572=ORIENTED_EDGE('',*,*,#1186,.T.);
#1573=ORIENTED_EDGE('',*,*,#1188,.T.);
#1574=ORIENTED_EDGE('',*,*,#1190,.F.);
#1575=ORIENTED_EDGE('',*,*,#1191,.T.);
#1576=ORIENTED_EDGE('',*,*,#1192,.T.);
#1577=ORIENTED_EDGE('',*,*,#1193,.T.);
#1578=ORIENTED_EDGE('',*,*,#1194,.T.);
#1579=ORIENTED_EDGE('',*,*,#1193,.F.);
#1580=ORIENTED_EDGE('',*,*,#1194,.F.);
#1581=ORIENTED_EDGE('',*,*,#1195,.F.);
#1582=ORIENTED_EDGE('',*,*,#1196,.F.);
#1583=ORIENTED_EDGE('',*,*,#1197,.T.);
#1584=ORIENTED_EDGE('',*,*,#1191,.F.);
#1585=ORIENTED_EDGE('',*,*,#1192,.F.);
#1586=ORIENTED_EDGE('',*,*,#1197,.F.);
#1587=ORIENTED_EDGE('',*,*,#1198,.F.);
#1588=ORIENTED_EDGE('',*,*,#1195,.T.);
#1589=ORIENTED_EDGE('',*,*,#1199,.T.);
#1590=ORIENTED_EDGE('',*,*,#1200,.F.);
#1591=ORIENTED_EDGE('',*,*,#1201,.F.);
#1592=ORIENTED_EDGE('',*,*,#1202,.F.);
#1593=ORIENTED_EDGE('',*,*,#1199,.F.);
#1594=ORIENTED_EDGE('',*,*,#1198,.T.);
#1595=ORIENTED_EDGE('',*,*,#1196,.T.);
#1596=ORIENTED_EDGE('',*,*,#1203,.T.);
#1597=ORIENTED_EDGE('',*,*,#1204,.T.);
#1598=ORIENTED_EDGE('',*,*,#1201,.T.);
#1599=ORIENTED_EDGE('',*,*,#1200,.T.);
#1600=ORIENTED_EDGE('',*,*,#1202,.T.);
#1601=ORIENTED_EDGE('',*,*,#1204,.F.);
#1602=ORIENTED_EDGE('',*,*,#1205,.T.);
#1603=ORIENTED_EDGE('',*,*,#1206,.T.);
#1604=ORIENTED_EDGE('',*,*,#1207,.T.);
#1605=ORIENTED_EDGE('',*,*,#1208,.T.);
#1606=ORIENTED_EDGE('',*,*,#1207,.F.);
#1607=ORIENTED_EDGE('',*,*,#1208,.F.);
#1608=ORIENTED_EDGE('',*,*,#1209,.F.);
#1609=ORIENTED_EDGE('',*,*,#1210,.F.);
#1610=ORIENTED_EDGE('',*,*,#1211,.T.);
#1611=ORIENTED_EDGE('',*,*,#1205,.F.);
#1612=ORIENTED_EDGE('',*,*,#1206,.F.);
#1613=ORIENTED_EDGE('',*,*,#1211,.F.);
#1614=ORIENTED_EDGE('',*,*,#1212,.F.);
#1615=ORIENTED_EDGE('',*,*,#1209,.T.);
#1616=ORIENTED_EDGE('',*,*,#1213,.T.);
#1617=ORIENTED_EDGE('',*,*,#1214,.F.);
#1618=ORIENTED_EDGE('',*,*,#1215,.F.);
#1619=ORIENTED_EDGE('',*,*,#1216,.F.);
#1620=ORIENTED_EDGE('',*,*,#1213,.F.);
#1621=ORIENTED_EDGE('',*,*,#1212,.T.);
#1622=ORIENTED_EDGE('',*,*,#1210,.T.);
#1623=ORIENTED_EDGE('',*,*,#1217,.T.);
#1624=ORIENTED_EDGE('',*,*,#1218,.T.);
#1625=ORIENTED_EDGE('',*,*,#1215,.T.);
#1626=ORIENTED_EDGE('',*,*,#1214,.T.);
#1627=ORIENTED_EDGE('',*,*,#1216,.T.);
#1628=ORIENTED_EDGE('',*,*,#1218,.F.);
#1629=ORIENTED_EDGE('',*,*,#1219,.T.);
#1630=ORIENTED_EDGE('',*,*,#1220,.T.);
#1631=ORIENTED_EDGE('',*,*,#1221,.T.);
#1632=ORIENTED_EDGE('',*,*,#1222,.T.);
#1633=ORIENTED_EDGE('',*,*,#1221,.F.);
#1634=ORIENTED_EDGE('',*,*,#1222,.F.);
#1635=ORIENTED_EDGE('',*,*,#1223,.F.);
#1636=ORIENTED_EDGE('',*,*,#1224,.F.);
#1637=ORIENTED_EDGE('',*,*,#1225,.T.);
#1638=ORIENTED_EDGE('',*,*,#1219,.F.);
#1639=ORIENTED_EDGE('',*,*,#1220,.F.);
#1640=ORIENTED_EDGE('',*,*,#1225,.F.);
#1641=ORIENTED_EDGE('',*,*,#1226,.F.);
#1642=ORIENTED_EDGE('',*,*,#1223,.T.);
#1643=ORIENTED_EDGE('',*,*,#1227,.T.);
#1644=ORIENTED_EDGE('',*,*,#1228,.F.);
#1645=ORIENTED_EDGE('',*,*,#1229,.F.);
#1646=ORIENTED_EDGE('',*,*,#1230,.F.);
#1647=ORIENTED_EDGE('',*,*,#1227,.F.);
#1648=ORIENTED_EDGE('',*,*,#1226,.T.);
#1649=ORIENTED_EDGE('',*,*,#1224,.T.);
#1650=ORIENTED_EDGE('',*,*,#1231,.T.);
#1651=ORIENTED_EDGE('',*,*,#1232,.T.);
#1652=ORIENTED_EDGE('',*,*,#1229,.T.);
#1653=ORIENTED_EDGE('',*,*,#1228,.T.);
#1654=ORIENTED_EDGE('',*,*,#1230,.T.);
#1655=ORIENTED_EDGE('',*,*,#1232,.F.);
#1656=ORIENTED_EDGE('',*,*,#1233,.T.);
#1657=ORIENTED_EDGE('',*,*,#1234,.T.);
#1658=ORIENTED_EDGE('',*,*,#1235,.T.);
#1659=ORIENTED_EDGE('',*,*,#1236,.T.);
#1660=ORIENTED_EDGE('',*,*,#1235,.F.);
#1661=ORIENTED_EDGE('',*,*,#1236,.F.);
#1662=ORIENTED_EDGE('',*,*,#1237,.F.);
#1663=ORIENTED_EDGE('',*,*,#1238,.F.);
#1664=ORIENTED_EDGE('',*,*,#1239,.T.);
#1665=ORIENTED_EDGE('',*,*,#1233,.F.);
#1666=ORIENTED_EDGE('',*,*,#1234,.F.);
#1667=ORIENTED_EDGE('',*,*,#1239,.F.);
#1668=ORIENTED_EDGE('',*,*,#1240,.F.);
#1669=ORIENTED_EDGE('',*,*,#1237,.T.);
#1670=ORIENTED_EDGE('',*,*,#1241,.T.);
#1671=ORIENTED_EDGE('',*,*,#1242,.F.);
#1672=ORIENTED_EDGE('',*,*,#1243,.F.);
#1673=ORIENTED_EDGE('',*,*,#1244,.F.);
#1674=ORIENTED_EDGE('',*,*,#1241,.F.);
#1675=ORIENTED_EDGE('',*,*,#1240,.T.);
#1676=ORIENTED_EDGE('',*,*,#1238,.T.);
#1677=ORIENTED_EDGE('',*,*,#1245,.T.);
#1678=ORIENTED_EDGE('',*,*,#1246,.T.);
#1679=ORIENTED_EDGE('',*,*,#1243,.T.);
#1680=ORIENTED_EDGE('',*,*,#1242,.T.);
#1681=ORIENTED_EDGE('',*,*,#1244,.T.);
#1682=ORIENTED_EDGE('',*,*,#1246,.F.);
#1683=ORIENTED_EDGE('',*,*,#1247,.T.);
#1684=ORIENTED_EDGE('',*,*,#1248,.T.);
#1685=ORIENTED_EDGE('',*,*,#1249,.T.);
#1686=ORIENTED_EDGE('',*,*,#1250,.T.);
#1687=ORIENTED_EDGE('',*,*,#1249,.F.);
#1688=ORIENTED_EDGE('',*,*,#1250,.F.);
#1689=ORIENTED_EDGE('',*,*,#1251,.F.);
#1690=ORIENTED_EDGE('',*,*,#1252,.F.);
#1691=ORIENTED_EDGE('',*,*,#1253,.T.);
#1692=ORIENTED_EDGE('',*,*,#1247,.F.);
#1693=ORIENTED_EDGE('',*,*,#1248,.F.);
#1694=ORIENTED_EDGE('',*,*,#1253,.F.);
#1695=ORIENTED_EDGE('',*,*,#1254,.F.);
#1696=ORIENTED_EDGE('',*,*,#1251,.T.);
#1697=ORIENTED_EDGE('',*,*,#1255,.T.);
#1698=ORIENTED_EDGE('',*,*,#1256,.F.);
#1699=ORIENTED_EDGE('',*,*,#1257,.F.);
#1700=ORIENTED_EDGE('',*,*,#1258,.F.);
#1701=ORIENTED_EDGE('',*,*,#1255,.F.);
#1702=ORIENTED_EDGE('',*,*,#1254,.T.);
#1703=ORIENTED_EDGE('',*,*,#1252,.T.);
#1704=ORIENTED_EDGE('',*,*,#1259,.T.);
#1705=ORIENTED_EDGE('',*,*,#1260,.T.);
#1706=ORIENTED_EDGE('',*,*,#1257,.T.);
#1707=ORIENTED_EDGE('',*,*,#1256,.T.);
#1708=ORIENTED_EDGE('',*,*,#1258,.T.);
#1709=ORIENTED_EDGE('',*,*,#1260,.F.);
#1710=ORIENTED_EDGE('',*,*,#1261,.T.);
#1711=ORIENTED_EDGE('',*,*,#1262,.T.);
#1712=ORIENTED_EDGE('',*,*,#1263,.T.);
#1713=ORIENTED_EDGE('',*,*,#1264,.T.);
#1714=ORIENTED_EDGE('',*,*,#1263,.F.);
#1715=ORIENTED_EDGE('',*,*,#1264,.F.);
#1716=ORIENTED_EDGE('',*,*,#1265,.F.);
#1717=ORIENTED_EDGE('',*,*,#1266,.F.);
#1718=ORIENTED_EDGE('',*,*,#1267,.T.);
#1719=ORIENTED_EDGE('',*,*,#1261,.F.);
#1720=ORIENTED_EDGE('',*,*,#1262,.F.);
#1721=ORIENTED_EDGE('',*,*,#1267,.F.);
#1722=ORIENTED_EDGE('',*,*,#1268,.F.);
#1723=ORIENTED_EDGE('',*,*,#1265,.T.);
#1724=ORIENTED_EDGE('',*,*,#1269,.T.);
#1725=ORIENTED_EDGE('',*,*,#1270,.F.);
#1726=ORIENTED_EDGE('',*,*,#1271,.F.);
#1727=ORIENTED_EDGE('',*,*,#1272,.F.);
#1728=ORIENTED_EDGE('',*,*,#1269,.F.);
#1729=ORIENTED_EDGE('',*,*,#1268,.T.);
#1730=ORIENTED_EDGE('',*,*,#1266,.T.);
#1731=ORIENTED_EDGE('',*,*,#1273,.T.);
#1732=ORIENTED_EDGE('',*,*,#1274,.T.);
#1733=ORIENTED_EDGE('',*,*,#1271,.T.);
#1734=ORIENTED_EDGE('',*,*,#1270,.T.);
#1735=ORIENTED_EDGE('',*,*,#1272,.T.);
#1736=ORIENTED_EDGE('',*,*,#1274,.F.);
#1737=ORIENTED_EDGE('',*,*,#1275,.T.);
#1738=ORIENTED_EDGE('',*,*,#1276,.T.);
#1739=ORIENTED_EDGE('',*,*,#1277,.T.);
#1740=ORIENTED_EDGE('',*,*,#1278,.T.);
#1741=ORIENTED_EDGE('',*,*,#1277,.F.);
#1742=ORIENTED_EDGE('',*,*,#1278,.F.);
#1743=ORIENTED_EDGE('',*,*,#1279,.F.);
#1744=ORIENTED_EDGE('',*,*,#1280,.F.);
#1745=ORIENTED_EDGE('',*,*,#1281,.T.);
#1746=ORIENTED_EDGE('',*,*,#1275,.F.);
#1747=ORIENTED_EDGE('',*,*,#1276,.F.);
#1748=ORIENTED_EDGE('',*,*,#1281,.F.);
#1749=ORIENTED_EDGE('',*,*,#1282,.F.);
#1750=ORIENTED_EDGE('',*,*,#1279,.T.);
#1751=ORIENTED_EDGE('',*,*,#1283,.T.);
#1752=ORIENTED_EDGE('',*,*,#1284,.F.);
#1753=ORIENTED_EDGE('',*,*,#1285,.F.);
#1754=ORIENTED_EDGE('',*,*,#1286,.F.);
#1755=ORIENTED_EDGE('',*,*,#1283,.F.);
#1756=ORIENTED_EDGE('',*,*,#1282,.T.);
#1757=ORIENTED_EDGE('',*,*,#1280,.T.);
#1758=ORIENTED_EDGE('',*,*,#1287,.T.);
#1759=ORIENTED_EDGE('',*,*,#1288,.T.);
#1760=ORIENTED_EDGE('',*,*,#1285,.T.);
#1761=ORIENTED_EDGE('',*,*,#1284,.T.);
#1762=ORIENTED_EDGE('',*,*,#1286,.T.);
#1763=ORIENTED_EDGE('',*,*,#1288,.F.);
#1764=ORIENTED_EDGE('',*,*,#1289,.T.);
#1765=ORIENTED_EDGE('',*,*,#1290,.T.);
#1766=ORIENTED_EDGE('',*,*,#1291,.T.);
#1767=ORIENTED_EDGE('',*,*,#1292,.T.);
#1768=ORIENTED_EDGE('',*,*,#1291,.F.);
#1769=ORIENTED_EDGE('',*,*,#1292,.F.);
#1770=ORIENTED_EDGE('',*,*,#1293,.F.);
#1771=ORIENTED_EDGE('',*,*,#1294,.F.);
#1772=ORIENTED_EDGE('',*,*,#1295,.T.);
#1773=ORIENTED_EDGE('',*,*,#1289,.F.);
#1774=ORIENTED_EDGE('',*,*,#1290,.F.);
#1775=ORIENTED_EDGE('',*,*,#1295,.F.);
#1776=ORIENTED_EDGE('',*,*,#1296,.F.);
#1777=ORIENTED_EDGE('',*,*,#1293,.T.);
#1778=ORIENTED_EDGE('',*,*,#1297,.T.);
#1779=ORIENTED_EDGE('',*,*,#1298,.F.);
#1780=ORIENTED_EDGE('',*,*,#1299,.F.);
#1781=ORIENTED_EDGE('',*,*,#1300,.F.);
#1782=ORIENTED_EDGE('',*,*,#1297,.F.);
#1783=ORIENTED_EDGE('',*,*,#1296,.T.);
#1784=ORIENTED_EDGE('',*,*,#1294,.T.);
#1785=ORIENTED_EDGE('',*,*,#1301,.T.);
#1786=ORIENTED_EDGE('',*,*,#1302,.T.);
#1787=ORIENTED_EDGE('',*,*,#1299,.T.);
#1788=ORIENTED_EDGE('',*,*,#1298,.T.);
#1789=ORIENTED_EDGE('',*,*,#1300,.T.);
#1790=ORIENTED_EDGE('',*,*,#1302,.F.);
#1791=ORIENTED_EDGE('',*,*,#1303,.T.);
#1792=ORIENTED_EDGE('',*,*,#1304,.T.);
#1793=ORIENTED_EDGE('',*,*,#1305,.T.);
#1794=ORIENTED_EDGE('',*,*,#1306,.T.);
#1795=ORIENTED_EDGE('',*,*,#1305,.F.);
#1796=ORIENTED_EDGE('',*,*,#1306,.F.);
#1797=ORIENTED_EDGE('',*,*,#1307,.F.);
#1798=ORIENTED_EDGE('',*,*,#1308,.F.);
#1799=ORIENTED_EDGE('',*,*,#1309,.T.);
#1800=ORIENTED_EDGE('',*,*,#1303,.F.);
#1801=ORIENTED_EDGE('',*,*,#1304,.F.);
#1802=ORIENTED_EDGE('',*,*,#1309,.F.);
#1803=ORIENTED_EDGE('',*,*,#1310,.F.);
#1804=ORIENTED_EDGE('',*,*,#1307,.T.);
#1805=ORIENTED_EDGE('',*,*,#1311,.T.);
#1806=ORIENTED_EDGE('',*,*,#1312,.F.);
#1807=ORIENTED_EDGE('',*,*,#1313,.F.);
#1808=ORIENTED_EDGE('',*,*,#1314,.F.);
#1809=ORIENTED_EDGE('',*,*,#1311,.F.);
#1810=ORIENTED_EDGE('',*,*,#1310,.T.);
#1811=ORIENTED_EDGE('',*,*,#1308,.T.);
#1812=ORIENTED_EDGE('',*,*,#1315,.T.);
#1813=ORIENTED_EDGE('',*,*,#1316,.T.);
#1814=ORIENTED_EDGE('',*,*,#1313,.T.);
#1815=ORIENTED_EDGE('',*,*,#1312,.T.);
#1816=ORIENTED_EDGE('',*,*,#1314,.T.);
#1817=ORIENTED_EDGE('',*,*,#1316,.F.);
#1818=ORIENTED_EDGE('',*,*,#1159,.F.);
#1819=ORIENTED_EDGE('',*,*,#1158,.F.);
#1820=ORIENTED_EDGE('',*,*,#1245,.F.);
#1821=ORIENTED_EDGE('',*,*,#1231,.F.);
#1822=ORIENTED_EDGE('',*,*,#1259,.F.);
#1823=ORIENTED_EDGE('',*,*,#1217,.F.);
#1824=ORIENTED_EDGE('',*,*,#1273,.F.);
#1825=ORIENTED_EDGE('',*,*,#1203,.F.);
#1826=ORIENTED_EDGE('',*,*,#1287,.F.);
#1827=ORIENTED_EDGE('',*,*,#1315,.F.);
#1828=ORIENTED_EDGE('',*,*,#1189,.F.);
#1829=ORIENTED_EDGE('',*,*,#1301,.F.);
#1830=ORIENTED_EDGE('',*,*,#1317,.T.);
#1831=ORIENTED_EDGE('',*,*,#1318,.T.);
#1832=ORIENTED_EDGE('',*,*,#1161,.T.);
#1833=ORIENTED_EDGE('',*,*,#1319,.T.);
#1834=ORIENTED_EDGE('',*,*,#1318,.F.);
#1835=ORIENTED_EDGE('',*,*,#1320,.F.);
#1836=ORIENTED_EDGE('',*,*,#1321,.F.);
#1837=ORIENTED_EDGE('',*,*,#1162,.F.);
#1838=ORIENTED_EDGE('',*,*,#1322,.T.);
#1839=ORIENTED_EDGE('',*,*,#1323,.F.);
#1840=ORIENTED_EDGE('',*,*,#1320,.T.);
#1841=ORIENTED_EDGE('',*,*,#1317,.F.);
#1842=ORIENTED_EDGE('',*,*,#1323,.T.);
#1843=ORIENTED_EDGE('',*,*,#1324,.T.);
#1844=ORIENTED_EDGE('',*,*,#1163,.T.);
#1845=ORIENTED_EDGE('',*,*,#1321,.T.);
#1846=ORIENTED_EDGE('',*,*,#1325,.F.);
#1847=ORIENTED_EDGE('',*,*,#1324,.F.);
#1848=ORIENTED_EDGE('',*,*,#1322,.F.);
#1849=ORIENTED_EDGE('',*,*,#1319,.F.);
#1850=ORIENTED_EDGE('',*,*,#1160,.F.);
#1851=ORIENTED_EDGE('',*,*,#1156,.F.);
#1852=ORIENTED_EDGE('',*,*,#1166,.F.);
#1853=ORIENTED_EDGE('',*,*,#1326,.F.);
#1854=ORIENTED_EDGE('',*,*,#1327,.F.);
#1855=ORIENTED_EDGE('',*,*,#1176,.F.);
#1856=ORIENTED_EDGE('',*,*,#1328,.F.);
#1857=ORIENTED_EDGE('',*,*,#1329,.F.);
#1858=ORIENTED_EDGE('',*,*,#1167,.F.);
#1859=ORIENTED_EDGE('',*,*,#1329,.T.);
#1860=ORIENTED_EDGE('',*,*,#1330,.F.);
#1861=ORIENTED_EDGE('',*,*,#1331,.T.);
#1862=ORIENTED_EDGE('',*,*,#1172,.T.);
#1863=ORIENTED_EDGE('',*,*,#1168,.T.);
#1864=ORIENTED_EDGE('',*,*,#1328,.T.);
#1865=ORIENTED_EDGE('',*,*,#1175,.T.);
#1866=ORIENTED_EDGE('',*,*,#1332,.T.);
#1867=ORIENTED_EDGE('',*,*,#1330,.T.);
#1868=ORIENTED_EDGE('',*,*,#1164,.F.);
#1869=ORIENTED_EDGE('',*,*,#1331,.F.);
#1870=ORIENTED_EDGE('',*,*,#1332,.F.);
#1871=ORIENTED_EDGE('',*,*,#1174,.F.);
#1872=ORIENTED_EDGE('',*,*,#1333,.F.);
#1873=ORIENTED_EDGE('',*,*,#1334,.F.);
#1874=ORIENTED_EDGE('',*,*,#1326,.T.);
#1875=ORIENTED_EDGE('',*,*,#1165,.T.);
#1876=ORIENTED_EDGE('',*,*,#1334,.T.);
#1877=ORIENTED_EDGE('',*,*,#1335,.F.);
#1878=ORIENTED_EDGE('',*,*,#1327,.T.);
#1879=ORIENTED_EDGE('',*,*,#1335,.T.);
#1880=ORIENTED_EDGE('',*,*,#1333,.T.);
#1881=ORIENTED_EDGE('',*,*,#1173,.T.);
#1882=ORIENTED_EDGE('',*,*,#1336,.T.);
#1883=ORIENTED_EDGE('',*,*,#1337,.T.);
#1884=ORIENTED_EDGE('',*,*,#1338,.T.);
#1885=ORIENTED_EDGE('',*,*,#1339,.T.);
#1886=ORIENTED_EDGE('',*,*,#1325,.T.);
#1887=ORIENTED_EDGE('',*,*,#1339,.F.);
#1888=ORIENTED_EDGE('',*,*,#1171,.F.);
#1889=ORIENTED_EDGE('',*,*,#1170,.F.);
#1890=ORIENTED_EDGE('',*,*,#1340,.T.);
#1891=ORIENTED_EDGE('',*,*,#1336,.F.);
#1892=ORIENTED_EDGE('',*,*,#1338,.F.);
#1893=ORIENTED_EDGE('',*,*,#1337,.F.);
#1894=ORIENTED_EDGE('',*,*,#1340,.F.);
#1895=ORIENTED_EDGE('',*,*,#1341,.F.);
#1896=ORIENTED_EDGE('',*,*,#1342,.T.);
#1897=ORIENTED_EDGE('',*,*,#1343,.T.);
#1898=ORIENTED_EDGE('',*,*,#1344,.T.);
#1899=ORIENTED_EDGE('',*,*,#1345,.T.);
#1900=ORIENTED_EDGE('',*,*,#1344,.F.);
#1901=ORIENTED_EDGE('',*,*,#1346,.F.);
#1902=ORIENTED_EDGE('',*,*,#1347,.F.);
#1903=ORIENTED_EDGE('',*,*,#1348,.F.);
#1904=ORIENTED_EDGE('',*,*,#1349,.F.);
#1905=ORIENTED_EDGE('',*,*,#1347,.T.);
#1906=ORIENTED_EDGE('',*,*,#1350,.T.);
#1907=ORIENTED_EDGE('',*,*,#1351,.T.);
#1908=ORIENTED_EDGE('',*,*,#1352,.T.);
#1909=ORIENTED_EDGE('',*,*,#1353,.F.);
#1910=ORIENTED_EDGE('',*,*,#1354,.T.);
#1911=ORIENTED_EDGE('',*,*,#1355,.T.);
#1912=ORIENTED_EDGE('',*,*,#1356,.T.);
#1913=ORIENTED_EDGE('',*,*,#1357,.T.);
#1914=ORIENTED_EDGE('',*,*,#1354,.F.);
#1915=ORIENTED_EDGE('',*,*,#1358,.F.);
#1916=ORIENTED_EDGE('',*,*,#1359,.F.);
#1917=ORIENTED_EDGE('',*,*,#1360,.F.);
#1918=ORIENTED_EDGE('',*,*,#1361,.F.);
#1919=ORIENTED_EDGE('',*,*,#1362,.T.);
#1920=ORIENTED_EDGE('',*,*,#1363,.T.);
#1921=ORIENTED_EDGE('',*,*,#1359,.T.);
#1922=ORIENTED_EDGE('',*,*,#1364,.T.);
#1923=ORIENTED_EDGE('',*,*,#1365,.F.);
#1924=ORIENTED_EDGE('',*,*,#1366,.T.);
#1925=ORIENTED_EDGE('',*,*,#1367,.T.);
#1926=ORIENTED_EDGE('',*,*,#1368,.T.);
#1927=ORIENTED_EDGE('',*,*,#1369,.T.);
#1928=ORIENTED_EDGE('',*,*,#1368,.F.);
#1929=ORIENTED_EDGE('',*,*,#1370,.F.);
#1930=ORIENTED_EDGE('',*,*,#1371,.F.);
#1931=ORIENTED_EDGE('',*,*,#1372,.F.);
#1932=ORIENTED_EDGE('',*,*,#1373,.F.);
#1933=ORIENTED_EDGE('',*,*,#1371,.T.);
#1934=ORIENTED_EDGE('',*,*,#1374,.T.);
#1935=ORIENTED_EDGE('',*,*,#1375,.T.);
#1936=ORIENTED_EDGE('',*,*,#1376,.T.);
#1937=ORIENTED_EDGE('',*,*,#1377,.F.);
#1938=ORIENTED_EDGE('',*,*,#1378,.T.);
#1939=ORIENTED_EDGE('',*,*,#1379,.T.);
#1940=ORIENTED_EDGE('',*,*,#1380,.T.);
#1941=ORIENTED_EDGE('',*,*,#1381,.T.);
#1942=ORIENTED_EDGE('',*,*,#1378,.F.);
#1943=ORIENTED_EDGE('',*,*,#1382,.F.);
#1944=ORIENTED_EDGE('',*,*,#1383,.F.);
#1945=ORIENTED_EDGE('',*,*,#1384,.F.);
#1946=ORIENTED_EDGE('',*,*,#1385,.F.);
#1947=ORIENTED_EDGE('',*,*,#1386,.T.);
#1948=ORIENTED_EDGE('',*,*,#1387,.T.);
#1949=ORIENTED_EDGE('',*,*,#1383,.T.);
#1950=ORIENTED_EDGE('',*,*,#1388,.T.);
#1951=ORIENTED_EDGE('',*,*,#1389,.T.);
#1952=ORIENTED_EDGE('',*,*,#1390,.T.);
#1953=ORIENTED_EDGE('',*,*,#1391,.T.);
#1954=ORIENTED_EDGE('',*,*,#1392,.T.);
#1955=ORIENTED_EDGE('',*,*,#1386,.F.);
#1956=ORIENTED_EDGE('',*,*,#1393,.F.);
#1957=ORIENTED_EDGE('',*,*,#1392,.F.);
#1958=ORIENTED_EDGE('',*,*,#1394,.F.);
#1959=ORIENTED_EDGE('',*,*,#1391,.F.);
#1960=ORIENTED_EDGE('',*,*,#1395,.F.);
#1961=ORIENTED_EDGE('',*,*,#1396,.F.);
#1962=ORIENTED_EDGE('',*,*,#1397,.T.);
#1963=ORIENTED_EDGE('',*,*,#1350,.F.);
#1964=ORIENTED_EDGE('',*,*,#1346,.T.);
#1965=ORIENTED_EDGE('',*,*,#1343,.F.);
#1966=ORIENTED_EDGE('',*,*,#1398,.T.);
#1967=ORIENTED_EDGE('',*,*,#1399,.F.);
#1968=ORIENTED_EDGE('',*,*,#1400,.F.);
#1969=ORIENTED_EDGE('',*,*,#1401,.F.);
#1970=ORIENTED_EDGE('',*,*,#1402,.T.);
#1971=ORIENTED_EDGE('',*,*,#1355,.F.);
#1972=ORIENTED_EDGE('',*,*,#1360,.T.);
#1973=ORIENTED_EDGE('',*,*,#1363,.F.);
#1974=ORIENTED_EDGE('',*,*,#1403,.T.);
#1975=ORIENTED_EDGE('',*,*,#1404,.F.);
#1976=ORIENTED_EDGE('',*,*,#1405,.F.);
#1977=ORIENTED_EDGE('',*,*,#1406,.F.);
#1978=ORIENTED_EDGE('',*,*,#1407,.T.);
#1979=ORIENTED_EDGE('',*,*,#1374,.F.);
#1980=ORIENTED_EDGE('',*,*,#1370,.T.);
#1981=ORIENTED_EDGE('',*,*,#1367,.F.);
#1982=ORIENTED_EDGE('',*,*,#1408,.T.);
#1983=ORIENTED_EDGE('',*,*,#1409,.F.);
#1984=ORIENTED_EDGE('',*,*,#1410,.F.);
#1985=ORIENTED_EDGE('',*,*,#1411,.F.);
#1986=ORIENTED_EDGE('',*,*,#1412,.T.);
#1987=ORIENTED_EDGE('',*,*,#1379,.F.);
#1988=ORIENTED_EDGE('',*,*,#1384,.T.);
#1989=ORIENTED_EDGE('',*,*,#1387,.F.);
#1990=ORIENTED_EDGE('',*,*,#1394,.T.);
#1991=ORIENTED_EDGE('',*,*,#1413,.F.);
#1992=ORIENTED_EDGE('',*,*,#1411,.T.);
#1993=ORIENTED_EDGE('',*,*,#1414,.T.);
#1994=ORIENTED_EDGE('',*,*,#1415,.T.);
#1995=ORIENTED_EDGE('',*,*,#1416,.T.);
#1996=ORIENTED_EDGE('',*,*,#1414,.F.);
#1997=ORIENTED_EDGE('',*,*,#1410,.T.);
#1998=ORIENTED_EDGE('',*,*,#1417,.F.);
#1999=ORIENTED_EDGE('',*,*,#1418,.F.);
#2000=ORIENTED_EDGE('',*,*,#1419,.T.);
#2001=ORIENTED_EDGE('',*,*,#1417,.T.);
#2002=ORIENTED_EDGE('',*,*,#1409,.T.);
#2003=ORIENTED_EDGE('',*,*,#1420,.T.);
#2004=ORIENTED_EDGE('',*,*,#1366,.F.);
#2005=ORIENTED_EDGE('',*,*,#1421,.F.);
#2006=ORIENTED_EDGE('',*,*,#1420,.F.);
#2007=ORIENTED_EDGE('',*,*,#1408,.F.);
#2008=ORIENTED_EDGE('',*,*,#1406,.T.);
#2009=ORIENTED_EDGE('',*,*,#1422,.T.);
#2010=ORIENTED_EDGE('',*,*,#1423,.T.);
#2011=ORIENTED_EDGE('',*,*,#1424,.T.);
#2012=ORIENTED_EDGE('',*,*,#1422,.F.);
#2013=ORIENTED_EDGE('',*,*,#1405,.T.);
#2014=ORIENTED_EDGE('',*,*,#1425,.F.);
#2015=ORIENTED_EDGE('',*,*,#1426,.F.);
#2016=ORIENTED_EDGE('',*,*,#1427,.T.);
#2017=ORIENTED_EDGE('',*,*,#1425,.T.);
#2018=ORIENTED_EDGE('',*,*,#1404,.T.);
#2019=ORIENTED_EDGE('',*,*,#1428,.T.);
#2020=ORIENTED_EDGE('',*,*,#1362,.F.);
#2021=ORIENTED_EDGE('',*,*,#1429,.F.);
#2022=ORIENTED_EDGE('',*,*,#1428,.F.);
#2023=ORIENTED_EDGE('',*,*,#1403,.F.);
#2024=ORIENTED_EDGE('',*,*,#1401,.T.);
#2025=ORIENTED_EDGE('',*,*,#1430,.T.);
#2026=ORIENTED_EDGE('',*,*,#1431,.T.);
#2027=ORIENTED_EDGE('',*,*,#1432,.T.);
#2028=ORIENTED_EDGE('',*,*,#1430,.F.);
#2029=ORIENTED_EDGE('',*,*,#1400,.T.);
#2030=ORIENTED_EDGE('',*,*,#1433,.F.);
#2031=ORIENTED_EDGE('',*,*,#1434,.F.);
#2032=ORIENTED_EDGE('',*,*,#1396,.T.);
#2033=ORIENTED_EDGE('',*,*,#1435,.T.);
#2034=ORIENTED_EDGE('',*,*,#1436,.T.);
#2035=ORIENTED_EDGE('',*,*,#1437,.T.);
#2036=ORIENTED_EDGE('',*,*,#1390,.F.);
#2037=ORIENTED_EDGE('',*,*,#1438,.F.);
#2038=ORIENTED_EDGE('',*,*,#1435,.F.);
#2039=ORIENTED_EDGE('',*,*,#1395,.T.);
#2040=ORIENTED_EDGE('',*,*,#1439,.T.);
#2041=ORIENTED_EDGE('',*,*,#1433,.T.);
#2042=ORIENTED_EDGE('',*,*,#1399,.T.);
#2043=ORIENTED_EDGE('',*,*,#1440,.T.);
#2044=ORIENTED_EDGE('',*,*,#1375,.F.);
#2045=ORIENTED_EDGE('',*,*,#1407,.F.);
#2046=ORIENTED_EDGE('',*,*,#1424,.F.);
#2047=ORIENTED_EDGE('',*,*,#1441,.F.);
#2048=ORIENTED_EDGE('',*,*,#1380,.F.);
#2049=ORIENTED_EDGE('',*,*,#1412,.F.);
#2050=ORIENTED_EDGE('',*,*,#1416,.F.);
#2051=ORIENTED_EDGE('',*,*,#1442,.F.);
#2052=ORIENTED_EDGE('',*,*,#1342,.F.);
#2053=ORIENTED_EDGE('',*,*,#1443,.F.);
#2054=ORIENTED_EDGE('',*,*,#1440,.F.);
#2055=ORIENTED_EDGE('',*,*,#1398,.F.);
#2056=ORIENTED_EDGE('',*,*,#1351,.F.);
#2057=ORIENTED_EDGE('',*,*,#1397,.F.);
#2058=ORIENTED_EDGE('',*,*,#1437,.F.);
#2059=ORIENTED_EDGE('',*,*,#1444,.F.);
#2060=ORIENTED_EDGE('',*,*,#1431,.F.);
#2061=ORIENTED_EDGE('',*,*,#1434,.T.);
#2062=ORIENTED_EDGE('',*,*,#1439,.F.);
#2063=ORIENTED_EDGE('',*,*,#1443,.T.);
#2064=ORIENTED_EDGE('',*,*,#1341,.T.);
#2065=ORIENTED_EDGE('',*,*,#1445,.T.);
#2066=ORIENTED_EDGE('',*,*,#1357,.F.);
#2067=ORIENTED_EDGE('',*,*,#1446,.T.);
#2068=ORIENTED_EDGE('',*,*,#1389,.F.);
#2069=ORIENTED_EDGE('',*,*,#1393,.T.);
#2070=ORIENTED_EDGE('',*,*,#1385,.T.);
#2071=ORIENTED_EDGE('',*,*,#1447,.T.);
#2072=ORIENTED_EDGE('',*,*,#1352,.F.);
#2073=ORIENTED_EDGE('',*,*,#1444,.T.);
#2074=ORIENTED_EDGE('',*,*,#1436,.F.);
#2075=ORIENTED_EDGE('',*,*,#1438,.T.);
#2076=ORIENTED_EDGE('',*,*,#1423,.F.);
#2077=ORIENTED_EDGE('',*,*,#1426,.T.);
#2078=ORIENTED_EDGE('',*,*,#1427,.F.);
#2079=ORIENTED_EDGE('',*,*,#1429,.T.);
#2080=ORIENTED_EDGE('',*,*,#1361,.T.);
#2081=ORIENTED_EDGE('',*,*,#1448,.T.);
#2082=ORIENTED_EDGE('',*,*,#1376,.F.);
#2083=ORIENTED_EDGE('',*,*,#1441,.T.);
#2084=ORIENTED_EDGE('',*,*,#1415,.F.);
#2085=ORIENTED_EDGE('',*,*,#1418,.T.);
#2086=ORIENTED_EDGE('',*,*,#1419,.F.);
#2087=ORIENTED_EDGE('',*,*,#1421,.T.);
#2088=ORIENTED_EDGE('',*,*,#1365,.T.);
#2089=ORIENTED_EDGE('',*,*,#1449,.T.);
#2090=ORIENTED_EDGE('',*,*,#1381,.F.);
#2091=ORIENTED_EDGE('',*,*,#1442,.T.);
#2092=ORIENTED_EDGE('',*,*,#1449,.F.);
#2093=ORIENTED_EDGE('',*,*,#1369,.F.);
#2094=ORIENTED_EDGE('',*,*,#1372,.T.);
#2095=ORIENTED_EDGE('',*,*,#1373,.T.);
#2096=ORIENTED_EDGE('',*,*,#1448,.F.);
#2097=ORIENTED_EDGE('',*,*,#1364,.F.);
#2098=ORIENTED_EDGE('',*,*,#1358,.T.);
#2099=ORIENTED_EDGE('',*,*,#1353,.T.);
#2100=ORIENTED_EDGE('',*,*,#1445,.F.);
#2101=ORIENTED_EDGE('',*,*,#1345,.F.);
#2102=ORIENTED_EDGE('',*,*,#1348,.T.);
#2103=ORIENTED_EDGE('',*,*,#1349,.T.);
#2104=ORIENTED_EDGE('',*,*,#1447,.F.);
#2105=ORIENTED_EDGE('',*,*,#1388,.F.);
#2106=ORIENTED_EDGE('',*,*,#1382,.T.);
#2107=ORIENTED_EDGE('',*,*,#1377,.T.);
#2108=ORIENTED_EDGE('',*,*,#1450,.F.);
#2109=ORIENTED_EDGE('',*,*,#1356,.F.);
#2110=ORIENTED_EDGE('',*,*,#1402,.F.);
#2111=ORIENTED_EDGE('',*,*,#1432,.F.);
#2112=ORIENTED_EDGE('',*,*,#1446,.F.);
#2113=ORIENTED_EDGE('',*,*,#1413,.T.);
#2114=ORIENTED_EDGE('',*,*,#1451,.T.);
#2115=ORIENTED_EDGE('',*,*,#1452,.T.);
#2116=ORIENTED_EDGE('',*,*,#1451,.F.);
#2117=ORIENTED_EDGE('',*,*,#1453,.F.);
#2118=ORIENTED_EDGE('',*,*,#1454,.F.);
#2119=ORIENTED_EDGE('',*,*,#1455,.T.);
#2120=ORIENTED_EDGE('',*,*,#1452,.F.);
#2121=ORIENTED_EDGE('',*,*,#1455,.F.);
#2122=ORIENTED_EDGE('',*,*,#1450,.T.);
#2123=ORIENTED_EDGE('',*,*,#1456,.T.);
#2124=ORIENTED_EDGE('',*,*,#1453,.T.);
#2125=ORIENTED_EDGE('',*,*,#1454,.T.);
#2126=ORIENTED_EDGE('',*,*,#1456,.F.);
#2127=ORIENTED_EDGE('',*,*,#1457,.F.);
#2128=ORIENTED_EDGE('',*,*,#1458,.F.);
#2129=ORIENTED_EDGE('',*,*,#1459,.F.);
#2130=ORIENTED_EDGE('',*,*,#1460,.F.);
#2131=ORIENTED_EDGE('',*,*,#1461,.F.);
#2132=ORIENTED_EDGE('',*,*,#1462,.F.);
#2133=ORIENTED_EDGE('',*,*,#1463,.F.);
#2134=ORIENTED_EDGE('',*,*,#1464,.F.);
#2135=ORIENTED_EDGE('',*,*,#1465,.F.);
#2136=ORIENTED_EDGE('',*,*,#1466,.F.);
#2137=ORIENTED_EDGE('',*,*,#1467,.F.);
#2138=ORIENTED_EDGE('',*,*,#1468,.F.);
#2139=ORIENTED_EDGE('',*,*,#1469,.F.);
#2140=ORIENTED_EDGE('',*,*,#1470,.F.);
#2141=ORIENTED_EDGE('',*,*,#1471,.F.);
#2142=ORIENTED_EDGE('',*,*,#1472,.F.);
#2143=ORIENTED_EDGE('',*,*,#1473,.F.);
#2144=ORIENTED_EDGE('',*,*,#1474,.F.);
#2145=ORIENTED_EDGE('',*,*,#1475,.F.);
#2146=ORIENTED_EDGE('',*,*,#1476,.F.);
#2147=ORIENTED_EDGE('',*,*,#1477,.F.);
#2148=ORIENTED_EDGE('',*,*,#1478,.F.);
#2149=ORIENTED_EDGE('',*,*,#1479,.F.);
#2150=ORIENTED_EDGE('',*,*,#1480,.F.);
#2151=ORIENTED_EDGE('',*,*,#1481,.F.);
#2152=ORIENTED_EDGE('',*,*,#1482,.F.);
#2153=ORIENTED_EDGE('',*,*,#1483,.F.);
#2154=ORIENTED_EDGE('',*,*,#1484,.F.);
#2155=ORIENTED_EDGE('',*,*,#1485,.F.);
#2156=ORIENTED_EDGE('',*,*,#1486,.F.);
#2157=ORIENTED_EDGE('',*,*,#1487,.F.);
#2158=ORIENTED_EDGE('',*,*,#1488,.F.);
#2159=ORIENTED_EDGE('',*,*,#1489,.F.);
#2160=ORIENTED_EDGE('',*,*,#1490,.F.);
#2161=ORIENTED_EDGE('',*,*,#1491,.F.);
#2162=ORIENTED_EDGE('',*,*,#1492,.F.);
#2163=ORIENTED_EDGE('',*,*,#1493,.F.);
#2164=ORIENTED_EDGE('',*,*,#1494,.F.);
#2165=ORIENTED_EDGE('',*,*,#1495,.F.);
#2166=ORIENTED_EDGE('',*,*,#1496,.F.);
#2167=ORIENTED_EDGE('',*,*,#1497,.F.);
#2168=ORIENTED_EDGE('',*,*,#1498,.F.);
#2169=ORIENTED_EDGE('',*,*,#1499,.F.);
#2170=ORIENTED_EDGE('',*,*,#1500,.F.);
#2171=ORIENTED_EDGE('',*,*,#1501,.F.);
#2172=ORIENTED_EDGE('',*,*,#1502,.F.);
#2173=ORIENTED_EDGE('',*,*,#1503,.F.);
#2174=ORIENTED_EDGE('',*,*,#1504,.F.);
#2175=ORIENTED_EDGE('',*,*,#1468,.T.);
#2176=ORIENTED_EDGE('',*,*,#1505,.F.);
#2177=ORIENTED_EDGE('',*,*,#1504,.T.);
#2178=ORIENTED_EDGE('',*,*,#1506,.T.);
#2179=ORIENTED_EDGE('',*,*,#1464,.T.);
#2180=ORIENTED_EDGE('',*,*,#1507,.F.);
#2181=ORIENTED_EDGE('',*,*,#1500,.T.);
#2182=ORIENTED_EDGE('',*,*,#1508,.T.);
#2183=ORIENTED_EDGE('',*,*,#1467,.T.);
#2184=ORIENTED_EDGE('',*,*,#1461,.T.);
#2185=ORIENTED_EDGE('',*,*,#1508,.F.);
#2186=ORIENTED_EDGE('',*,*,#1499,.T.);
#2187=ORIENTED_EDGE('',*,*,#1501,.T.);
#2188=ORIENTED_EDGE('',*,*,#1505,.T.);
#2189=ORIENTED_EDGE('',*,*,#1476,.T.);
#2190=ORIENTED_EDGE('',*,*,#1509,.F.);
#2191=ORIENTED_EDGE('',*,*,#1496,.T.);
#2192=ORIENTED_EDGE('',*,*,#1510,.T.);
#2193=ORIENTED_EDGE('',*,*,#1463,.T.);
#2194=ORIENTED_EDGE('',*,*,#1459,.T.);
#2195=ORIENTED_EDGE('',*,*,#1511,.F.);
#2196=ORIENTED_EDGE('',*,*,#1485,.T.);
#2197=ORIENTED_EDGE('',*,*,#1497,.T.);
#2198=ORIENTED_EDGE('',*,*,#1507,.T.);
#2199=ORIENTED_EDGE('',*,*,#1477,.T.);
#2200=ORIENTED_EDGE('',*,*,#1473,.T.);
#2201=ORIENTED_EDGE('',*,*,#1510,.F.);
#2202=ORIENTED_EDGE('',*,*,#1495,.T.);
#2203=ORIENTED_EDGE('',*,*,#1489,.T.);
#2204=ORIENTED_EDGE('',*,*,#1512,.T.);
#2205=ORIENTED_EDGE('',*,*,#1513,.T.);
#2206=ORIENTED_EDGE('',*,*,#1514,.T.);
#2207=ORIENTED_EDGE('',*,*,#1515,.T.);
#2208=ORIENTED_EDGE('',*,*,#1514,.F.);
#2209=ORIENTED_EDGE('',*,*,#1516,.F.);
#2210=ORIENTED_EDGE('',*,*,#1517,.F.);
#2211=ORIENTED_EDGE('',*,*,#1518,.T.);
#2212=ORIENTED_EDGE('',*,*,#1515,.F.);
#2213=ORIENTED_EDGE('',*,*,#1518,.F.);
#2214=ORIENTED_EDGE('',*,*,#1490,.T.);
#2215=ORIENTED_EDGE('',*,*,#1494,.T.);
#2216=ORIENTED_EDGE('',*,*,#1502,.T.);
#2217=ORIENTED_EDGE('',*,*,#1498,.T.);
#2218=ORIENTED_EDGE('',*,*,#1488,.T.);
#2219=ORIENTED_EDGE('',*,*,#1484,.T.);
#2220=ORIENTED_EDGE('',*,*,#1513,.F.);
#2221=ORIENTED_EDGE('',*,*,#1519,.T.);
#2222=ORIENTED_EDGE('',*,*,#1520,.T.);
#2223=ORIENTED_EDGE('',*,*,#1516,.T.);
#2224=ORIENTED_EDGE('',*,*,#1517,.T.);
#2225=ORIENTED_EDGE('',*,*,#1520,.F.);
#2226=ORIENTED_EDGE('',*,*,#1462,.T.);
#2227=ORIENTED_EDGE('',*,*,#1466,.T.);
#2228=ORIENTED_EDGE('',*,*,#1474,.T.);
#2229=ORIENTED_EDGE('',*,*,#1480,.T.);
#2230=ORIENTED_EDGE('',*,*,#1472,.T.);
#2231=ORIENTED_EDGE('',*,*,#1460,.T.);
#2232=ORIENTED_EDGE('',*,*,#1519,.F.);
#2233=ORIENTED_EDGE('',*,*,#1470,.T.);
#2234=ORIENTED_EDGE('',*,*,#1521,.F.);
#2235=ORIENTED_EDGE('',*,*,#1482,.T.);
#2236=ORIENTED_EDGE('',*,*,#1522,.T.);
#2237=ORIENTED_EDGE('',*,*,#1479,.T.);
#2238=ORIENTED_EDGE('',*,*,#1523,.F.);
#2239=ORIENTED_EDGE('',*,*,#1491,.T.);
#2240=ORIENTED_EDGE('',*,*,#1483,.T.);
#2241=ORIENTED_EDGE('',*,*,#1521,.T.);
#2242=ORIENTED_EDGE('',*,*,#1469,.T.);
#2243=ORIENTED_EDGE('',*,*,#1478,.T.);
#2244=ORIENTED_EDGE('',*,*,#1512,.F.);
#2245=ORIENTED_EDGE('',*,*,#1492,.T.);
#2246=ORIENTED_EDGE('',*,*,#1523,.T.);
#2247=ORIENTED_EDGE('',*,*,#1465,.T.);
#2248=ORIENTED_EDGE('',*,*,#1506,.F.);
#2249=ORIENTED_EDGE('',*,*,#1503,.T.);
#2250=ORIENTED_EDGE('',*,*,#1493,.T.);
#2251=ORIENTED_EDGE('',*,*,#1509,.T.);
#2252=ORIENTED_EDGE('',*,*,#1475,.T.);
#2253=ORIENTED_EDGE('',*,*,#1458,.T.);
#2254=ORIENTED_EDGE('',*,*,#1524,.F.);
#2255=ORIENTED_EDGE('',*,*,#1486,.T.);
#2256=ORIENTED_EDGE('',*,*,#1511,.T.);
#2257=ORIENTED_EDGE('',*,*,#1471,.T.);
#2258=ORIENTED_EDGE('',*,*,#1522,.F.);
#2259=ORIENTED_EDGE('',*,*,#1481,.T.);
#2260=ORIENTED_EDGE('',*,*,#1487,.T.);
#2261=ORIENTED_EDGE('',*,*,#1524,.T.);
#2262=ORIENTED_EDGE('',*,*,#1457,.T.);
#2263=CYLINDRICAL_SURFACE('',#2637,2.975);
#2264=CYLINDRICAL_SURFACE('',#2657,0.249999999999999);
#2265=CYLINDRICAL_SURFACE('',#2673,0.249999999999999);
#2266=CYLINDRICAL_SURFACE('',#2689,0.249999999999999);
#2267=CYLINDRICAL_SURFACE('',#2705,0.249999999999999);
#2268=CYLINDRICAL_SURFACE('',#2721,0.249999999999999);
#2269=CYLINDRICAL_SURFACE('',#2737,0.249999999999999);
#2270=CYLINDRICAL_SURFACE('',#2753,0.249999999999999);
#2271=CYLINDRICAL_SURFACE('',#2769,0.249999999999999);
#2272=CYLINDRICAL_SURFACE('',#2785,0.249999999999999);
#2273=CYLINDRICAL_SURFACE('',#2801,0.249999999999999);
#2274=CYLINDRICAL_SURFACE('',#2813,0.5);
#2275=CYLINDRICAL_SURFACE('',#2816,3.4);
#2276=CYLINDRICAL_SURFACE('',#2818,0.5);
#2277=CYLINDRICAL_SURFACE('',#2822,6.);
#2278=CYLINDRICAL_SURFACE('',#2826,6.);
#2279=CYLINDRICAL_SURFACE('',#2833,5.15);
#2280=CYLINDRICAL_SURFACE('',#2835,0.1);
#2281=CYLINDRICAL_SURFACE('',#2839,0.1);
#2282=CYLINDRICAL_SURFACE('',#2842,0.1);
#2283=CYLINDRICAL_SURFACE('',#2846,0.1);
#2284=CYLINDRICAL_SURFACE('',#2849,0.1);
#2285=CYLINDRICAL_SURFACE('',#2853,0.1);
#2286=CYLINDRICAL_SURFACE('',#2856,0.1);
#2287=CYLINDRICAL_SURFACE('',#2860,0.1);
#2288=CYLINDRICAL_SURFACE('',#2863,0.2);
#2289=CYLINDRICAL_SURFACE('',#2879,0.2);
#2290=CYLINDRICAL_SURFACE('',#2880,8.);
#2291=CYLINDRICAL_SURFACE('',#2882,0.2);
#2292=CYLINDRICAL_SURFACE('',#2884,0.2);
#2293=CYLINDRICAL_SURFACE('',#2885,8.);
#2294=CYLINDRICAL_SURFACE('',#2887,0.2);
#2295=CYLINDRICAL_SURFACE('',#2889,0.2);
#2296=CYLINDRICAL_SURFACE('',#2890,8.);
#2297=CYLINDRICAL_SURFACE('',#2892,0.2);
#2298=CYLINDRICAL_SURFACE('',#2893,8.);
#2299=CYLINDRICAL_SURFACE('',#2895,0.2);
#2300=CYLINDRICAL_SURFACE('',#2913,5.5);
#2301=CYLINDRICAL_SURFACE('',#2954,7.9);
#2302=CYLINDRICAL_SURFACE('',#2955,7.9);
#2303=CYLINDRICAL_SURFACE('',#2957,7.9);
#2304=CYLINDRICAL_SURFACE('',#2963,5.5);
#2305=CYLINDRICAL_SURFACE('',#2970,7.9);
#2306=CYLINDRICAL_SURFACE('',#2972,7.9);
#2307=CYLINDRICAL_SURFACE('',#2974,7.9);
#2308=STYLED_ITEM('',(#2553),#2378);
#2309=STYLED_ITEM('',(#2554),#2379);
#2310=STYLED_ITEM('',(#2554),#2380);
#2311=STYLED_ITEM('',(#2555),#2381);
#2312=STYLED_ITEM('',(#2555),#2382);
#2313=STYLED_ITEM('',(#2555),#2383);
#2314=STYLED_ITEM('',(#2555),#2384);
#2315=STYLED_ITEM('',(#2555),#2385);
#2316=STYLED_ITEM('',(#2555),#2386);
#2317=STYLED_ITEM('',(#2555),#2387);
#2318=STYLED_ITEM('',(#2555),#2388);
#2319=STYLED_ITEM('',(#2555),#2389);
#2320=STYLED_ITEM('',(#2555),#2390);
#2321=STYLED_ITEM('',(#2555),#2391);
#2322=STYLED_ITEM('',(#2555),#2392);
#2323=STYLED_ITEM('',(#2555),#2393);
#2324=STYLED_ITEM('',(#2555),#2394);
#2325=STYLED_ITEM('',(#2555),#2395);
#2326=STYLED_ITEM('',(#2555),#2396);
#2327=STYLED_ITEM('',(#2555),#2397);
#2328=STYLED_ITEM('',(#2555),#2398);
#2329=STYLED_ITEM('',(#2555),#2399);
#2330=STYLED_ITEM('',(#2555),#2400);
#2331=STYLED_ITEM('',(#2555),#2401);
#2332=STYLED_ITEM('',(#2555),#2402);
#2333=STYLED_ITEM('',(#2555),#2403);
#2334=STYLED_ITEM('',(#2555),#2404);
#2335=STYLED_ITEM('',(#2555),#2405);
#2336=STYLED_ITEM('',(#2555),#2406);
#2337=STYLED_ITEM('',(#2555),#2407);
#2338=STYLED_ITEM('',(#2555),#2408);
#2339=STYLED_ITEM('',(#2555),#2409);
#2340=STYLED_ITEM('',(#2555),#2410);
#2341=STYLED_ITEM('',(#2555),#2411);
#2342=STYLED_ITEM('',(#2555),#2412);
#2343=STYLED_ITEM('',(#2555),#2413);
#2344=STYLED_ITEM('',(#2555),#2414);
#2345=STYLED_ITEM('',(#2555),#2415);
#2346=STYLED_ITEM('',(#2555),#2416);
#2347=STYLED_ITEM('',(#2555),#2417);
#2348=STYLED_ITEM('',(#2555),#2418);
#2349=STYLED_ITEM('',(#2555),#2419);
#2350=STYLED_ITEM('',(#2555),#2420);
#2351=STYLED_ITEM('',(#2555),#2421);
#2352=STYLED_ITEM('',(#2555),#2422);
#2353=STYLED_ITEM('',(#2555),#2423);
#2354=STYLED_ITEM('',(#2555),#2424);
#2355=STYLED_ITEM('',(#2555),#2425);
#2356=STYLED_ITEM('',(#2555),#2426);
#2357=STYLED_ITEM('',(#2555),#2427);
#2358=STYLED_ITEM('',(#2555),#2428);
#2359=STYLED_ITEM('',(#2555),#2429);
#2360=STYLED_ITEM('',(#2555),#2430);
#2361=STYLED_ITEM('',(#2556),#2431);
#2362=STYLED_ITEM('',(#2553),#2432);
#2363=STYLED_ITEM('',(#2553),#2433);
#2364=STYLED_ITEM('',(#2553),#2434);
#2365=STYLED_ITEM('',(#2553),#2435);
#2366=STYLED_ITEM('',(#2554),#2436);
#2367=STYLED_ITEM('',(#2554),#2437);
#2368=STYLED_ITEM('',(#2554),#2438);
#2369=STYLED_ITEM('',(#2554),#2439);
#2370=STYLED_ITEM('',(#2554),#2440);
#2371=STYLED_ITEM('',(#2554),#2441);
#2372=STYLED_ITEM('',(#2554),#2442);
#2373=STYLED_ITEM('',(#2554),#2443);
#2374=STYLED_ITEM('',(#2554),#2444);
#2375=STYLED_ITEM('',(#2552),#29);
#2376=STYLED_ITEM('',(#2557),#30);
#2377=STYLED_ITEM('',(#2558),#31);
#2378=ADVANCED_FACE('',(#178),#2263,.T.);
#2379=ADVANCED_FACE('',(#179),#134,.T.);
#2380=ADVANCED_FACE('',(#180),#57,.T.);
#2381=ADVANCED_FACE('',(#181),#135,.T.);
#2382=ADVANCED_FACE('',(#182),#58,.T.);
#2383=ADVANCED_FACE('',(#183),#2264,.T.);
#2384=ADVANCED_FACE('',(#184),#47,.F.);
#2385=ADVANCED_FACE('',(#185),#136,.T.);
#2386=ADVANCED_FACE('',(#186),#137,.T.);
#2387=ADVANCED_FACE('',(#187),#59,.T.);
#2388=ADVANCED_FACE('',(#188),#2265,.T.);
#2389=ADVANCED_FACE('',(#189),#48,.F.);
#2390=ADVANCED_FACE('',(#190),#138,.T.);
#2391=ADVANCED_FACE('',(#191),#139,.T.);
#2392=ADVANCED_FACE('',(#192),#60,.T.);
#2393=ADVANCED_FACE('',(#193),#2266,.T.);
#2394=ADVANCED_FACE('',(#194),#49,.F.);
#2395=ADVANCED_FACE('',(#195),#140,.T.);
#2396=ADVANCED_FACE('',(#196),#141,.T.);
#2397=ADVANCED_FACE('',(#197),#61,.T.);
#2398=ADVANCED_FACE('',(#198),#2267,.T.);
#2399=ADVANCED_FACE('',(#199),#50,.F.);
#2400=ADVANCED_FACE('',(#200),#142,.T.);
#2401=ADVANCED_FACE('',(#201),#143,.T.);
#2402=ADVANCED_FACE('',(#202),#62,.T.);
#2403=ADVANCED_FACE('',(#203),#2268,.T.);
#2404=ADVANCED_FACE('',(#204),#51,.F.);
#2405=ADVANCED_FACE('',(#205),#144,.T.);
#2406=ADVANCED_FACE('',(#206),#145,.T.);
#2407=ADVANCED_FACE('',(#207),#63,.T.);
#2408=ADVANCED_FACE('',(#208),#2269,.T.);
#2409=ADVANCED_FACE('',(#209),#52,.F.);
#2410=ADVANCED_FACE('',(#210),#146,.T.);
#2411=ADVANCED_FACE('',(#211),#147,.T.);
#2412=ADVANCED_FACE('',(#212),#64,.T.);
#2413=ADVANCED_FACE('',(#213),#2270,.T.);
#2414=ADVANCED_FACE('',(#214),#53,.F.);
#2415=ADVANCED_FACE('',(#215),#148,.T.);
#2416=ADVANCED_FACE('',(#216),#149,.T.);
#2417=ADVANCED_FACE('',(#217),#65,.T.);
#2418=ADVANCED_FACE('',(#218),#2271,.T.);
#2419=ADVANCED_FACE('',(#219),#54,.F.);
#2420=ADVANCED_FACE('',(#220),#150,.T.);
#2421=ADVANCED_FACE('',(#221),#151,.T.);
#2422=ADVANCED_FACE('',(#222),#66,.T.);
#2423=ADVANCED_FACE('',(#223),#2272,.T.);
#2424=ADVANCED_FACE('',(#224),#55,.F.);
#2425=ADVANCED_FACE('',(#225),#152,.T.);
#2426=ADVANCED_FACE('',(#226),#153,.T.);
#2427=ADVANCED_FACE('',(#227),#67,.T.);
#2428=ADVANCED_FACE('',(#228),#2273,.T.);
#2429=ADVANCED_FACE('',(#229),#56,.F.);
#2430=ADVANCED_FACE('',(#230),#154,.T.);
#2431=ADVANCED_FACE('',(#231,#32,#33,#34,#35,#36,#37,#38,#39,#40,#41),#68,
 .T.);
#2432=ADVANCED_FACE('',(#232),#2274,.T.);
#2433=ADVANCED_FACE('',(#233),#69,.F.);
#2434=ADVANCED_FACE('',(#234),#2275,.T.);
#2435=ADVANCED_FACE('',(#235),#2276,.T.);
#2436=ADVANCED_FACE('',(#236,#42),#70,.T.);
#2437=ADVANCED_FACE('',(#237),#71,.F.);
#2438=ADVANCED_FACE('',(#238),#2277,.T.);
#2439=ADVANCED_FACE('',(#239),#155,.T.);
#2440=ADVANCED_FACE('',(#240),#72,.F.);
#2441=ADVANCED_FACE('',(#241),#2278,.T.);
#2442=ADVANCED_FACE('',(#242),#156,.T.);
#2443=ADVANCED_FACE('',(#243),#157,.T.);
#2444=ADVANCED_FACE('',(#244),#2279,.T.);
#2445=ADVANCED_FACE('',(#245),#2280,.F.);
#2446=ADVANCED_FACE('',(#246),#73,.F.);
#2447=ADVANCED_FACE('',(#247),#2281,.F.);
#2448=ADVANCED_FACE('',(#248),#2282,.F.);
#2449=ADVANCED_FACE('',(#249),#74,.F.);
#2450=ADVANCED_FACE('',(#250),#2283,.F.);
#2451=ADVANCED_FACE('',(#251),#2284,.F.);
#2452=ADVANCED_FACE('',(#252),#75,.F.);
#2453=ADVANCED_FACE('',(#253),#2285,.F.);
#2454=ADVANCED_FACE('',(#254),#2286,.F.);
#2455=ADVANCED_FACE('',(#255),#76,.F.);
#2456=ADVANCED_FACE('',(#256),#2287,.F.);
#2457=ADVANCED_FACE('',(#257),#2288,.T.);
#2458=ADVANCED_FACE('',(#258),#77,.T.);
#2459=ADVANCED_FACE('',(#259,#43),#78,.T.);
#2460=ADVANCED_FACE('',(#260),#2289,.T.);
#2461=ADVANCED_FACE('',(#261),#2290,.T.);
#2462=ADVANCED_FACE('',(#262),#2291,.T.);
#2463=ADVANCED_FACE('',(#263),#79,.T.);
#2464=ADVANCED_FACE('',(#264),#2292,.T.);
#2465=ADVANCED_FACE('',(#265),#2293,.T.);
#2466=ADVANCED_FACE('',(#266),#2294,.T.);
#2467=ADVANCED_FACE('',(#267),#80,.T.);
#2468=ADVANCED_FACE('',(#268),#2295,.T.);
#2469=ADVANCED_FACE('',(#269),#2296,.T.);
#2470=ADVANCED_FACE('',(#270),#2297,.T.);
#2471=ADVANCED_FACE('',(#271),#2298,.T.);
#2472=ADVANCED_FACE('',(#272),#2299,.T.);
#2473=ADVANCED_FACE('',(#273),#81,.F.);
#2474=ADVANCED_FACE('',(#274),#82,.F.);
#2475=ADVANCED_FACE('',(#275),#83,.T.);
#2476=ADVANCED_FACE('',(#276),#84,.F.);
#2477=ADVANCED_FACE('',(#277),#158,.T.);
#2478=ADVANCED_FACE('',(#278),#159,.T.);
#2479=ADVANCED_FACE('',(#279),#160,.T.);
#2480=ADVANCED_FACE('',(#280),#161,.T.);
#2481=ADVANCED_FACE('',(#281,#44),#85,.T.);
#2482=ADVANCED_FACE('',(#282),#86,.F.);
#2483=ADVANCED_FACE('',(#283),#162,.F.);
#2484=ADVANCED_FACE('',(#284),#2300,.F.);
#2485=ADVANCED_FACE('',(#285),#163,.F.);
#2486=ADVANCED_FACE('',(#286),#164,.T.);
#2487=ADVANCED_FACE('',(#287),#165,.T.);
#2488=ADVANCED_FACE('',(#288),#166,.T.);
#2489=ADVANCED_FACE('',(#289),#167,.T.);
#2490=ADVANCED_FACE('',(#290),#168,.T.);
#2491=ADVANCED_FACE('',(#291),#169,.T.);
#2492=ADVANCED_FACE('',(#292),#170,.T.);
#2493=ADVANCED_FACE('',(#293),#171,.T.);
#2494=ADVANCED_FACE('',(#294),#172,.T.);
#2495=ADVANCED_FACE('',(#295),#173,.T.);
#2496=ADVANCED_FACE('',(#296),#174,.T.);
#2497=ADVANCED_FACE('',(#297),#175,.T.);
#2498=ADVANCED_FACE('',(#298),#2301,.T.);
#2499=ADVANCED_FACE('',(#299),#2302,.T.);
#2500=ADVANCED_FACE('',(#300),#87,.T.);
#2501=ADVANCED_FACE('',(#301),#2303,.T.);
#2502=ADVANCED_FACE('',(#302),#88,.T.);
#2503=ADVANCED_FACE('',(#303),#89,.T.);
#2504=ADVANCED_FACE('',(#304),#176,.F.);
#2505=ADVANCED_FACE('',(#305),#2304,.F.);
#2506=ADVANCED_FACE('',(#306,#45),#90,.F.);
#2507=ADVANCED_FACE('',(#307),#177,.F.);
#2508=ADVANCED_FACE('',(#308,#46),#91,.T.);
#2509=ADVANCED_FACE('',(#309),#2305,.T.);
#2510=ADVANCED_FACE('',(#310),#92,.T.);
#2511=ADVANCED_FACE('',(#311),#2306,.T.);
#2512=ADVANCED_FACE('',(#312),#93,.T.);
#2513=ADVANCED_FACE('',(#313),#2307,.T.);
#2514=ADVANCED_FACE('',(#314),#94,.T.);
#2515=CLOSED_SHELL('',(#2378,#2379,#2380,#2381,#2382,#2383,#2384,#2385,
#2386,#2387,#2388,#2389,#2390,#2391,#2392,#2393,#2394,#2395,#2396,#2397,
#2398,#2399,#2400,#2401,#2402,#2403,#2404,#2405,#2406,#2407,#2408,#2409,
#2410,#2411,#2412,#2413,#2414,#2415,#2416,#2417,#2418,#2419,#2420,#2421,
#2422,#2423,#2424,#2425,#2426,#2427,#2428,#2429,#2430,#2431,#2432,#2433,
#2434,#2435,#2436,#2437,#2438,#2439,#2440,#2441,#2442,#2443,#2444));
#2516=CLOSED_SHELL('',(#2445,#2446,#2447,#2448,#2449,#2450,#2451,#2452,
#2453,#2454,#2455,#2456,#2457,#2458,#2459,#2460,#2461,#2462,#2463,#2464,
#2465,#2466,#2467,#2468,#2469,#2470,#2471,#2472,#2473,#2474,#2475,#2476,
#2477,#2478,#2479,#2480,#2481,#2482,#2483,#2484,#2485));
#2517=CLOSED_SHELL('',(#2486,#2487,#2488,#2489,#2490,#2491,#2492,#2493,
#2494,#2495,#2496,#2497,#2498,#2499,#2500,#2501,#2502,#2503,#2504,#2505,
#2506,#2507,#2508,#2509,#2510,#2511,#2512,#2513,#2514));
#2518=DERIVED_UNIT_ELEMENT(#2524,1.);
#2519=DERIVED_UNIT_ELEMENT(#4816,3.);
#2520=DERIVED_UNIT_ELEMENT(#2524,1.);
#2521=DERIVED_UNIT_ELEMENT(#4816,3.);
#2522=DERIVED_UNIT_ELEMENT(#2524,1.);
#2523=DERIVED_UNIT_ELEMENT(#4816,3.);
#2524=(
MASS_UNIT()
NAMED_UNIT(*)
SI_UNIT($,.GRAM.)
);
#2525=DERIVED_UNIT((#2518,#2519));
#2526=DERIVED_UNIT((#2520,#2521));
#2527=DERIVED_UNIT((#2522,#2523));
#2528=MEASURE_REPRESENTATION_ITEM('density measure',
POSITIVE_RATIO_MEASURE(1.),#2525);
#2529=MEASURE_REPRESENTATION_ITEM('density measure',
POSITIVE_RATIO_MEASURE(8.5),#2526);
#2530=MEASURE_REPRESENTATION_ITEM('density measure',
POSITIVE_RATIO_MEASURE(8.5),#2527);
#2531=PROPERTY_DEFINITION_REPRESENTATION(#2546,#2537);
#2532=PROPERTY_DEFINITION_REPRESENTATION(#2547,#2538);
#2533=PROPERTY_DEFINITION_REPRESENTATION(#2548,#2539);
#2534=PROPERTY_DEFINITION_REPRESENTATION(#2549,#2540);
#2535=PROPERTY_DEFINITION_REPRESENTATION(#2550,#2541);
#2536=PROPERTY_DEFINITION_REPRESENTATION(#2551,#2542);
#2537=REPRESENTATION('material name',(#2543),#4811);
#2538=REPRESENTATION('density',(#2528),#4811);
#2539=REPRESENTATION('material name',(#2544),#4812);
#2540=REPRESENTATION('density',(#2529),#4812);
#2541=REPRESENTATION('material name',(#2545),#4813);
#2542=REPRESENTATION('density',(#2530),#4813);
#2543=DESCRIPTIVE_REPRESENTATION_ITEM('selon \X\E9bauche',
'selon \X\E9bauche');
#2544=DESCRIPTIVE_REPRESENTATION_ITEM('Laiton \X2\2013\X0\ 2.0401 \X2\2013\X0\ 
SP-LG-191','Laiton \X2\2013\X0\ 2.0401 \X2\2013\X0\ SP-LG-191');
#2545=DESCRIPTIVE_REPRESENTATION_ITEM('Lt59A','Lt59A');
#2546=PROPERTY_DEFINITION('material property','material name',#4836);
#2547=PROPERTY_DEFINITION('material property','density of part',#4836);
#2548=PROPERTY_DEFINITION('material property','material name',#4837);
#2549=PROPERTY_DEFINITION('material property','density of part',#4837);
#2550=PROPERTY_DEFINITION('material property','material name',#4838);
#2551=PROPERTY_DEFINITION('material property','density of part',#4838);
#2552=PRESENTATION_STYLE_ASSIGNMENT((#2559));
#2553=PRESENTATION_STYLE_ASSIGNMENT((#2560));
#2554=PRESENTATION_STYLE_ASSIGNMENT((#2561));
#2555=PRESENTATION_STYLE_ASSIGNMENT((#2562));
#2556=PRESENTATION_STYLE_ASSIGNMENT((#2563));
#2557=PRESENTATION_STYLE_ASSIGNMENT((#2564));
#2558=PRESENTATION_STYLE_ASSIGNMENT((#2565));
#2559=SURFACE_STYLE_USAGE(.BOTH.,#2576);
#2560=SURFACE_STYLE_USAGE(.BOTH.,#2577);
#2561=SURFACE_STYLE_USAGE(.BOTH.,#2578);
#2562=SURFACE_STYLE_USAGE(.BOTH.,#2579);
#2563=SURFACE_STYLE_USAGE(.BOTH.,#2580);
#2564=SURFACE_STYLE_USAGE(.BOTH.,#2581);
#2565=SURFACE_STYLE_USAGE(.BOTH.,#2582);
#2566=SURFACE_STYLE_RENDERING_WITH_PROPERTIES($,#2604,(#2571));
#2567=SURFACE_STYLE_RENDERING_WITH_PROPERTIES($,#2605,(#2572));
#2568=SURFACE_STYLE_RENDERING_WITH_PROPERTIES($,#2607,(#2573));
#2569=SURFACE_STYLE_RENDERING_WITH_PROPERTIES($,#2608,(#2574));
#2570=SURFACE_STYLE_RENDERING_WITH_PROPERTIES($,#2610,(#2575));
#2571=SURFACE_STYLE_TRANSPARENT(0.);
#2572=SURFACE_STYLE_TRANSPARENT(0.);
#2573=SURFACE_STYLE_TRANSPARENT(0.);
#2574=SURFACE_STYLE_TRANSPARENT(0.);
#2575=SURFACE_STYLE_TRANSPARENT(0.);
#2576=SURFACE_SIDE_STYLE('',(#2583,#2566));
#2577=SURFACE_SIDE_STYLE('',(#2584,#2567));
#2578=SURFACE_SIDE_STYLE('',(#2585));
#2579=SURFACE_SIDE_STYLE('',(#2586,#2568));
#2580=SURFACE_SIDE_STYLE('',(#2587,#2569));
#2581=SURFACE_SIDE_STYLE('',(#2588));
#2582=SURFACE_SIDE_STYLE('',(#2589,#2570));
#2583=SURFACE_STYLE_FILL_AREA(#2590);
#2584=SURFACE_STYLE_FILL_AREA(#2591);
#2585=SURFACE_STYLE_FILL_AREA(#2592);
#2586=SURFACE_STYLE_FILL_AREA(#2593);
#2587=SURFACE_STYLE_FILL_AREA(#2594);
#2588=SURFACE_STYLE_FILL_AREA(#2595);
#2589=SURFACE_STYLE_FILL_AREA(#2596);
#2590=FILL_AREA_STYLE('',(#2597));
#2591=FILL_AREA_STYLE('',(#2598));
#2592=FILL_AREA_STYLE('',(#2599));
#2593=FILL_AREA_STYLE('',(#2600));
#2594=FILL_AREA_STYLE('',(#2601));
#2595=FILL_AREA_STYLE('',(#2602));
#2596=FILL_AREA_STYLE('',(#2603));
#2597=FILL_AREA_STYLE_COLOUR('',#2604);
#2598=FILL_AREA_STYLE_COLOUR('',#2605);
#2599=FILL_AREA_STYLE_COLOUR('',#2606);
#2600=FILL_AREA_STYLE_COLOUR('',#2607);
#2601=FILL_AREA_STYLE_COLOUR('',#2608);
#2602=FILL_AREA_STYLE_COLOUR('',#2609);
#2603=FILL_AREA_STYLE_COLOUR('',#2610);
#2604=COLOUR_RGB('',0.749019607843137,0.749019607843137,0.749019607843137);
#2605=COLOUR_RGB('',0.831372549019608,0.76078431372549,0.6);
#2606=COLOUR_RGB('',0.780392156862745,0.780392156862745,0.780392156862745);
#2607=COLOUR_RGB('',0.819607843137255,0.670588235294118,0.0392156862745098);
#2608=COLOUR_RGB('',0.87843137254902,0.792156862745098,0.607843137254902);
#2609=COLOUR_RGB('',0.780392156862745,0.780392156862745,0.780392156862745);
#2610=COLOUR_RGB('',0.933333333333333,0.933333333333333,0.933333333333333);
#2611=DATE_TIME_ROLE('creation_date');
#2612=DATE_TIME_ROLE('creation_date');
#2613=DATE_TIME_ROLE('creation_date');
#2614=DATE_TIME_ROLE('creation_date');
#2615=APPLIED_DATE_AND_TIME_ASSIGNMENT(#2619,#2611,(#4835));
#2616=APPLIED_DATE_AND_TIME_ASSIGNMENT(#2620,#2612,(#4836));
#2617=APPLIED_DATE_AND_TIME_ASSIGNMENT(#2621,#2613,(#4837));
#2618=APPLIED_DATE_AND_TIME_ASSIGNMENT(#2622,#2614,(#4838));
#2619=DATE_AND_TIME(#2623,#2627);
#2620=DATE_AND_TIME(#2624,#2628);
#2621=DATE_AND_TIME(#2625,#2629);
#2622=DATE_AND_TIME(#2626,#2630);
#2623=CALENDAR_DATE(2021,27,5);
#2624=CALENDAR_DATE(2021,27,5);
#2625=CALENDAR_DATE(2010,5,3);
#2626=CALENDAR_DATE(2010,5,2);
#2627=LOCAL_TIME(13,36,2.,#2631);
#2628=LOCAL_TIME(13,27,34.,#2632);
#2629=LOCAL_TIME(7,7,38.,#2633);
#2630=LOCAL_TIME(12,20,23.,#2634);
#2631=COORDINATED_UNIVERSAL_TIME_OFFSET(0,0,.BEHIND.);
#2632=COORDINATED_UNIVERSAL_TIME_OFFSET(0,0,.BEHIND.);
#2633=COORDINATED_UNIVERSAL_TIME_OFFSET(0,0,.BEHIND.);
#2634=COORDINATED_UNIVERSAL_TIME_OFFSET(0,0,.BEHIND.);
#2635=AXIS2_PLACEMENT_3D('placement',#3777,#2979,#2980);
#2636=AXIS2_PLACEMENT_3D('placement',#3778,#2981,#2982);
#2637=AXIS2_PLACEMENT_3D('',#3779,#2983,#2984);
#2638=AXIS2_PLACEMENT_3D('',#3782,#2985,#2986);
#2639=AXIS2_PLACEMENT_3D('',#3786,#2988,#2989);
#2640=AXIS2_PLACEMENT_3D('',#3787,#2990,#2991);
#2641=AXIS2_PLACEMENT_3D('',#3789,#2992,#2993);
#2642=AXIS2_PLACEMENT_3D('',#3802,#2994,#2995);
#2643=AXIS2_PLACEMENT_3D('',#3813,#2996,#2997);
#2644=AXIS2_PLACEMENT_3D('',#3820,#2998,#2999);
#2645=AXIS2_PLACEMENT_3D('',#3830,#3000,#3001);
#2646=AXIS2_PLACEMENT_3D('',#3834,#3003,#3004);
#2647=AXIS2_PLACEMENT_3D('',#3835,#3005,#3006);
#2648=AXIS2_PLACEMENT_3D('',#3836,#3007,#3008);
#2649=AXIS2_PLACEMENT_3D('',#3837,#3009,#3010);
#2650=AXIS2_PLACEMENT_3D('',#3840,#3011,#3012);
#2651=AXIS2_PLACEMENT_3D('',#3844,#3014,#3015);
#2652=AXIS2_PLACEMENT_3D('',#3846,#3017,#3018);
#2653=AXIS2_PLACEMENT_3D('',#3849,#3019,#3020);
#2654=AXIS2_PLACEMENT_3D('',#3850,#3021,#3022);
#2655=AXIS2_PLACEMENT_3D('',#3853,#3024,#3025);
#2656=AXIS2_PLACEMENT_3D('',#3854,#3026,#3027);
#2657=AXIS2_PLACEMENT_3D('',#3855,#3028,#3029);
#2658=AXIS2_PLACEMENT_3D('',#3858,#3030,#3031);
#2659=AXIS2_PLACEMENT_3D('',#3860,#3032,#3033);
#2660=AXIS2_PLACEMENT_3D('',#3862,#3035,#3036);
#2661=AXIS2_PLACEMENT_3D('',#3863,#3037,#3038);
#2662=AXIS2_PLACEMENT_3D('',#3865,#3039,#3040);
#2663=AXIS2_PLACEMENT_3D('',#3867,#3041,#3042);
#2664=AXIS2_PLACEMENT_3D('',#3869,#3043,#3044);
#2665=AXIS2_PLACEMENT_3D('',#3870,#3045,#3046);
#2666=AXIS2_PLACEMENT_3D('',#3871,#3047,#3048);
#2667=AXIS2_PLACEMENT_3D('',#3873,#3049,#3050);
#2668=AXIS2_PLACEMENT_3D('',#3875,#3052,#3053);
#2669=AXIS2_PLACEMENT_3D('',#3878,#3054,#3055);
#2670=AXIS2_PLACEMENT_3D('',#3879,#3056,#3057);
#2671=AXIS2_PLACEMENT_3D('',#3882,#3059,#3060);
#2672=AXIS2_PLACEMENT_3D('',#3883,#3061,#3062);
#2673=AXIS2_PLACEMENT_3D('',#3884,#3063,#3064);
#2674=AXIS2_PLACEMENT_3D('',#3887,#3065,#3066);
#2675=AXIS2_PLACEMENT_3D('',#3889,#3067,#3068);
#2676=AXIS2_PLACEMENT_3D('',#3891,#3070,#3071);
#2677=AXIS2_PLACEMENT_3D('',#3892,#3072,#3073);
#2678=AXIS2_PLACEMENT_3D('',#3894,#3074,#3075);
#2679=AXIS2_PLACEMENT_3D('',#3896,#3076,#3077);
#2680=AXIS2_PLACEMENT_3D('',#3898,#3078,#3079);
#2681=AXIS2_PLACEMENT_3D('',#3899,#3080,#3081);
#2682=AXIS2_PLACEMENT_3D('',#3900,#3082,#3083);
#2683=AXIS2_PLACEMENT_3D('',#3902,#3084,#3085);
#2684=AXIS2_PLACEMENT_3D('',#3904,#3087,#3088);
#2685=AXIS2_PLACEMENT_3D('',#3907,#3089,#3090);
#2686=AXIS2_PLACEMENT_3D('',#3908,#3091,#3092);
#2687=AXIS2_PLACEMENT_3D('',#3911,#3094,#3095);
#2688=AXIS2_PLACEMENT_3D('',#3912,#3096,#3097);
#2689=AXIS2_PLACEMENT_3D('',#3913,#3098,#3099);
#2690=AXIS2_PLACEMENT_3D('',#3916,#3100,#3101);
#2691=AXIS2_PLACEMENT_3D('',#3918,#3102,#3103);
#2692=AXIS2_PLACEMENT_3D('',#3920,#3105,#3106);
#2693=AXIS2_PLACEMENT_3D('',#3921,#3107,#3108);
#2694=AXIS2_PLACEMENT_3D('',#3923,#3109,#3110);
#2695=AXIS2_PLACEMENT_3D('',#3925,#3111,#3112);
#2696=AXIS2_PLACEMENT_3D('',#3927,#3113,#3114);
#2697=AXIS2_PLACEMENT_3D('',#3928,#3115,#3116);
#2698=AXIS2_PLACEMENT_3D('',#3929,#3117,#3118);
#2699=AXIS2_PLACEMENT_3D('',#3931,#3119,#3120);
#2700=AXIS2_PLACEMENT_3D('',#3933,#3122,#3123);
#2701=AXIS2_PLACEMENT_3D('',#3936,#3124,#3125);
#2702=AXIS2_PLACEMENT_3D('',#3937,#3126,#3127);
#2703=AXIS2_PLACEMENT_3D('',#3940,#3129,#3130);
#2704=AXIS2_PLACEMENT_3D('',#3941,#3131,#3132);
#2705=AXIS2_PLACEMENT_3D('',#3942,#3133,#3134);
#2706=AXIS2_PLACEMENT_3D('',#3945,#3135,#3136);
#2707=AXIS2_PLACEMENT_3D('',#3947,#3137,#3138);
#2708=AXIS2_PLACEMENT_3D('',#3949,#3140,#3141);
#2709=AXIS2_PLACEMENT_3D('',#3950,#3142,#3143);
#2710=AXIS2_PLACEMENT_3D('',#3952,#3144,#3145);
#2711=AXIS2_PLACEMENT_3D('',#3954,#3146,#3147);
#2712=AXIS2_PLACEMENT_3D('',#3956,#3148,#3149);
#2713=AXIS2_PLACEMENT_3D('',#3957,#3150,#3151);
#2714=AXIS2_PLACEMENT_3D('',#3958,#3152,#3153);
#2715=AXIS2_PLACEMENT_3D('',#3960,#3154,#3155);
#2716=AXIS2_PLACEMENT_3D('',#3962,#3157,#3158);
#2717=AXIS2_PLACEMENT_3D('',#3965,#3159,#3160);
#2718=AXIS2_PLACEMENT_3D('',#3966,#3161,#3162);
#2719=AXIS2_PLACEMENT_3D('',#3969,#3164,#3165);
#2720=AXIS2_PLACEMENT_3D('',#3970,#3166,#3167);
#2721=AXIS2_PLACEMENT_3D('',#3971,#3168,#3169);
#2722=AXIS2_PLACEMENT_3D('',#3974,#3170,#3171);
#2723=AXIS2_PLACEMENT_3D('',#3976,#3172,#3173);
#2724=AXIS2_PLACEMENT_3D('',#3978,#3175,#3176);
#2725=AXIS2_PLACEMENT_3D('',#3979,#3177,#3178);
#2726=AXIS2_PLACEMENT_3D('',#3981,#3179,#3180);
#2727=AXIS2_PLACEMENT_3D('',#3983,#3181,#3182);
#2728=AXIS2_PLACEMENT_3D('',#3985,#3183,#3184);
#2729=AXIS2_PLACEMENT_3D('',#3986,#3185,#3186);
#2730=AXIS2_PLACEMENT_3D('',#3987,#3187,#3188);
#2731=AXIS2_PLACEMENT_3D('',#3989,#3189,#3190);
#2732=AXIS2_PLACEMENT_3D('',#3991,#3192,#3193);
#2733=AXIS2_PLACEMENT_3D('',#3994,#3194,#3195);
#2734=AXIS2_PLACEMENT_3D('',#3995,#3196,#3197);
#2735=AXIS2_PLACEMENT_3D('',#3998,#3199,#3200);
#2736=AXIS2_PLACEMENT_3D('',#3999,#3201,#3202);
#2737=AXIS2_PLACEMENT_3D('',#4000,#3203,#3204);
#2738=AXIS2_PLACEMENT_3D('',#4003,#3205,#3206);
#2739=AXIS2_PLACEMENT_3D('',#4005,#3207,#3208);
#2740=AXIS2_PLACEMENT_3D('',#4007,#3210,#3211);
#2741=AXIS2_PLACEMENT_3D('',#4008,#3212,#3213);
#2742=AXIS2_PLACEMENT_3D('',#4010,#3214,#3215);
#2743=AXIS2_PLACEMENT_3D('',#4012,#3216,#3217);
#2744=AXIS2_PLACEMENT_3D('',#4014,#3218,#3219);
#2745=AXIS2_PLACEMENT_3D('',#4015,#3220,#3221);
#2746=AXIS2_PLACEMENT_3D('',#4016,#3222,#3223);
#2747=AXIS2_PLACEMENT_3D('',#4018,#3224,#3225);
#2748=AXIS2_PLACEMENT_3D('',#4020,#3227,#3228);
#2749=AXIS2_PLACEMENT_3D('',#4023,#3229,#3230);
#2750=AXIS2_PLACEMENT_3D('',#4024,#3231,#3232);
#2751=AXIS2_PLACEMENT_3D('',#4027,#3234,#3235);
#2752=AXIS2_PLACEMENT_3D('',#4028,#3236,#3237);
#2753=AXIS2_PLACEMENT_3D('',#4029,#3238,#3239);
#2754=AXIS2_PLACEMENT_3D('',#4032,#3240,#3241);
#2755=AXIS2_PLACEMENT_3D('',#4034,#3242,#3243);
#2756=AXIS2_PLACEMENT_3D('',#4036,#3245,#3246);
#2757=AXIS2_PLACEMENT_3D('',#4037,#3247,#3248);
#2758=AXIS2_PLACEMENT_3D('',#4039,#3249,#3250);
#2759=AXIS2_PLACEMENT_3D('',#4041,#3251,#3252);
#2760=AXIS2_PLACEMENT_3D('',#4043,#3253,#3254);
#2761=AXIS2_PLACEMENT_3D('',#4044,#3255,#3256);
#2762=AXIS2_PLACEMENT_3D('',#4045,#3257,#3258);
#2763=AXIS2_PLACEMENT_3D('',#4047,#3259,#3260);
#2764=AXIS2_PLACEMENT_3D('',#4049,#3262,#3263);
#2765=AXIS2_PLACEMENT_3D('',#4052,#3264,#3265);
#2766=AXIS2_PLACEMENT_3D('',#4053,#3266,#3267);
#2767=AXIS2_PLACEMENT_3D('',#4056,#3269,#3270);
#2768=AXIS2_PLACEMENT_3D('',#4057,#3271,#3272);
#2769=AXIS2_PLACEMENT_3D('',#4058,#3273,#3274);
#2770=AXIS2_PLACEMENT_3D('',#4061,#3275,#3276);
#2771=AXIS2_PLACEMENT_3D('',#4063,#3277,#3278);
#2772=AXIS2_PLACEMENT_3D('',#4065,#3280,#3281);
#2773=AXIS2_PLACEMENT_3D('',#4066,#3282,#3283);
#2774=AXIS2_PLACEMENT_3D('',#4068,#3284,#3285);
#2775=AXIS2_PLACEMENT_3D('',#4070,#3286,#3287);
#2776=AXIS2_PLACEMENT_3D('',#4072,#3288,#3289);
#2777=AXIS2_PLACEMENT_3D('',#4073,#3290,#3291);
#2778=AXIS2_PLACEMENT_3D('',#4074,#3292,#3293);
#2779=AXIS2_PLACEMENT_3D('',#4076,#3294,#3295);
#2780=AXIS2_PLACEMENT_3D('',#4078,#3297,#3298);
#2781=AXIS2_PLACEMENT_3D('',#4081,#3299,#3300);
#2782=AXIS2_PLACEMENT_3D('',#4082,#3301,#3302);
#2783=AXIS2_PLACEMENT_3D('',#4085,#3304,#3305);
#2784=AXIS2_PLACEMENT_3D('',#4086,#3306,#3307);
#2785=AXIS2_PLACEMENT_3D('',#4087,#3308,#3309);
#2786=AXIS2_PLACEMENT_3D('',#4090,#3310,#3311);
#2787=AXIS2_PLACEMENT_3D('',#4092,#3312,#3313);
#2788=AXIS2_PLACEMENT_3D('',#4094,#3315,#3316);
#2789=AXIS2_PLACEMENT_3D('',#4095,#3317,#3318);
#2790=AXIS2_PLACEMENT_3D('',#4097,#3319,#3320);
#2791=AXIS2_PLACEMENT_3D('',#4099,#3321,#3322);
#2792=AXIS2_PLACEMENT_3D('',#4101,#3323,#3324);
#2793=AXIS2_PLACEMENT_3D('',#4102,#3325,#3326);
#2794=AXIS2_PLACEMENT_3D('',#4103,#3327,#3328);
#2795=AXIS2_PLACEMENT_3D('',#4105,#3329,#3330);
#2796=AXIS2_PLACEMENT_3D('',#4107,#3332,#3333);
#2797=AXIS2_PLACEMENT_3D('',#4110,#3334,#3335);
#2798=AXIS2_PLACEMENT_3D('',#4111,#3336,#3337);
#2799=AXIS2_PLACEMENT_3D('',#4114,#3339,#3340);
#2800=AXIS2_PLACEMENT_3D('',#4115,#3341,#3342);
#2801=AXIS2_PLACEMENT_3D('',#4116,#3343,#3344);
#2802=AXIS2_PLACEMENT_3D('',#4119,#3345,#3346);
#2803=AXIS2_PLACEMENT_3D('',#4121,#3347,#3348);
#2804=AXIS2_PLACEMENT_3D('',#4123,#3350,#3351);
#2805=AXIS2_PLACEMENT_3D('',#4124,#3352,#3353);
#2806=AXIS2_PLACEMENT_3D('',#4126,#3354,#3355);
#2807=AXIS2_PLACEMENT_3D('',#4128,#3356,#3357);
#2808=AXIS2_PLACEMENT_3D('',#4130,#3358,#3359);
#2809=AXIS2_PLACEMENT_3D('',#4131,#3360,#3361);
#2810=AXIS2_PLACEMENT_3D('',#4132,#3362,#3363);
#2811=AXIS2_PLACEMENT_3D('',#4134,#3364,#3365);
#2812=AXIS2_PLACEMENT_3D('',#4136,#3367,#3368);
#2813=AXIS2_PLACEMENT_3D('',#4137,#3369,#3370);
#2814=AXIS2_PLACEMENT_3D('',#4152,#3373,#3374);
#2815=AXIS2_PLACEMENT_3D('',#4154,#3375,#3376);
#2816=AXIS2_PLACEMENT_3D('',#4156,#3378,#3379);
#2817=AXIS2_PLACEMENT_3D('',#4158,#3380,#3381);
#2818=AXIS2_PLACEMENT_3D('',#4169,#3382,#3383);
#2819=AXIS2_PLACEMENT_3D('',#4171,#3385,#3386);
#2820=AXIS2_PLACEMENT_3D('',#4173,#3387,#3388);
#2821=AXIS2_PLACEMENT_3D('',#4174,#3389,#3390);
#2822=AXIS2_PLACEMENT_3D('',#4185,#3393,#3394);
#2823=AXIS2_PLACEMENT_3D('',#4187,#3395,#3396);
#2824=AXIS2_PLACEMENT_3D('',#4189,#3398,#3399);
#2825=AXIS2_PLACEMENT_3D('',#4193,#3400,#3401);
#2826=AXIS2_PLACEMENT_3D('',#4199,#3403,#3404);
#2827=AXIS2_PLACEMENT_3D('',#4200,#3405,#3406);
#2828=AXIS2_PLACEMENT_3D('',#4201,#3407,#3408);
#2829=AXIS2_PLACEMENT_3D('',#4202,#3409,#3410);
#2830=AXIS2_PLACEMENT_3D('',#4205,#3411,#3412);
#2831=AXIS2_PLACEMENT_3D('',#4207,#3413,#3414);
#2832=AXIS2_PLACEMENT_3D('',#4208,#3415,#3416);
#2833=AXIS2_PLACEMENT_3D('',#4210,#3418,#3419);
#2834=AXIS2_PLACEMENT_3D('placement',#4212,#3421,#3422);
#2835=AXIS2_PLACEMENT_3D('',#4213,#3423,#3424);
#2836=AXIS2_PLACEMENT_3D('',#4228,#3426,#3427);
#2837=AXIS2_PLACEMENT_3D('',#4231,#3429,#3430);
#2838=AXIS2_PLACEMENT_3D('',#4232,#3431,#3432);
#2839=AXIS2_PLACEMENT_3D('',#4238,#3436,#3437);
#2840=AXIS2_PLACEMENT_3D('',#4240,#3438,#3439);
#2841=AXIS2_PLACEMENT_3D('',#4242,#3440,#3441);
#2842=AXIS2_PLACEMENT_3D('',#4254,#3443,#3444);
#2843=AXIS2_PLACEMENT_3D('',#4257,#3445,#3446);
#2844=AXIS2_PLACEMENT_3D('',#4261,#3448,#3449);
#2845=AXIS2_PLACEMENT_3D('',#4273,#3451,#3452);
#2846=AXIS2_PLACEMENT_3D('',#4279,#3456,#3457);
#2847=AXIS2_PLACEMENT_3D('',#4293,#3459,#3460);
#2848=AXIS2_PLACEMENT_3D('',#4294,#3461,#3462);
#2849=AXIS2_PLACEMENT_3D('',#4295,#3463,#3464);
#2850=AXIS2_PLACEMENT_3D('',#4310,#3466,#3467);
#2851=AXIS2_PLACEMENT_3D('',#4313,#3469,#3470);
#2852=AXIS2_PLACEMENT_3D('',#4314,#3471,#3472);
#2853=AXIS2_PLACEMENT_3D('',#4320,#3476,#3477);
#2854=AXIS2_PLACEMENT_3D('',#4322,#3478,#3479);
#2855=AXIS2_PLACEMENT_3D('',#4324,#3480,#3481);
#2856=AXIS2_PLACEMENT_3D('',#4336,#3483,#3484);
#2857=AXIS2_PLACEMENT_3D('',#4339,#3485,#3486);
#2858=AXIS2_PLACEMENT_3D('',#4343,#3488,#3489);
#2859=AXIS2_PLACEMENT_3D('',#4355,#3491,#3492);
#2860=AXIS2_PLACEMENT_3D('',#4361,#3496,#3497);
#2861=AXIS2_PLACEMENT_3D('',#4375,#3499,#3500);
#2862=AXIS2_PLACEMENT_3D('',#4376,#3501,#3502);
#2863=AXIS2_PLACEMENT_3D('',#4377,#3503,#3504);
#2864=AXIS2_PLACEMENT_3D('',#4395,#3506,#3507);
#2865=AXIS2_PLACEMENT_3D('',#4397,#3509,#3510);
#2866=AXIS2_PLACEMENT_3D('',#4402,#3512,#3513);
#2867=AXIS2_PLACEMENT_3D('',#4404,#3514,#3515);
#2868=AXIS2_PLACEMENT_3D('',#4406,#3516,#3517);
#2869=AXIS2_PLACEMENT_3D('',#4411,#3520,#3521);
#2870=AXIS2_PLACEMENT_3D('',#4413,#3522,#3523);
#2871=AXIS2_PLACEMENT_3D('',#4415,#3524,#3525);
#2872=AXIS2_PLACEMENT_3D('',#4420,#3528,#3529);
#2873=AXIS2_PLACEMENT_3D('',#4422,#3530,#3531);
#2874=AXIS2_PLACEMENT_3D('',#4424,#3532,#3533);
#2875=AXIS2_PLACEMENT_3D('',#4429,#3536,#3537);
#2876=AXIS2_PLACEMENT_3D('',#4431,#3538,#3539);
#2877=AXIS2_PLACEMENT_3D('',#4433,#3540,#3541);
#2878=AXIS2_PLACEMENT_3D('',#4436,#3543,#3544);
#2879=AXIS2_PLACEMENT_3D('',#4437,#3545,#3546);
#2880=AXIS2_PLACEMENT_3D('',#4454,#3549,#3550);
#2881=AXIS2_PLACEMENT_3D('',#4457,#3552,#3553);
#2882=AXIS2_PLACEMENT_3D('',#4458,#3554,#3555);
#2883=AXIS2_PLACEMENT_3D('',#4473,#3557,#3558);
#2884=AXIS2_PLACEMENT_3D('',#4477,#3559,#3560);
#2885=AXIS2_PLACEMENT_3D('',#4494,#3563,#3564);
#2886=AXIS2_PLACEMENT_3D('',#4497,#3566,#3567);
#2887=AXIS2_PLACEMENT_3D('',#4498,#3568,#3569);
#2888=AXIS2_PLACEMENT_3D('',#4513,#3571,#3572);
#2889=AXIS2_PLACEMENT_3D('',#4517,#3573,#3574);
#2890=AXIS2_PLACEMENT_3D('',#4534,#3577,#3578);
#2891=AXIS2_PLACEMENT_3D('',#4537,#3580,#3581);
#2892=AXIS2_PLACEMENT_3D('',#4538,#3582,#3583);
#2893=AXIS2_PLACEMENT_3D('',#4555,#3586,#3587);
#2894=AXIS2_PLACEMENT_3D('',#4556,#3588,#3589);
#2895=AXIS2_PLACEMENT_3D('',#4557,#3590,#3591);
#2896=AXIS2_PLACEMENT_3D('',#4572,#3593,#3594);
#2897=AXIS2_PLACEMENT_3D('',#4576,#3595,#3596);
#2898=AXIS2_PLACEMENT_3D('',#4580,#3597,#3598);
#2899=AXIS2_PLACEMENT_3D('',#4584,#3599,#3600);
#2900=AXIS2_PLACEMENT_3D('',#4588,#3601,#3602);
#2901=AXIS2_PLACEMENT_3D('',#4589,#3603,#3604);
#2902=AXIS2_PLACEMENT_3D('',#4593,#3605,#3606);
#2903=AXIS2_PLACEMENT_3D('',#4594,#3607,#3608);
#2904=AXIS2_PLACEMENT_3D('',#4595,#3609,#3610);
#2905=AXIS2_PLACEMENT_3D('',#4596,#3611,#3612);
#2906=AXIS2_PLACEMENT_3D('',#4597,#3613,#3614);
#2907=AXIS2_PLACEMENT_3D('',#4598,#3615,#3616);
#2908=AXIS2_PLACEMENT_3D('',#4599,#3617,#3618);
#2909=AXIS2_PLACEMENT_3D('',#4601,#3619,#3620);
#2910=AXIS2_PLACEMENT_3D('',#4602,#3621,#3622);
#2911=AXIS2_PLACEMENT_3D('',#4603,#3623,#3624);
#2912=AXIS2_PLACEMENT_3D('',#4606,#3626,#3627);
#2913=AXIS2_PLACEMENT_3D('',#4607,#3628,#3629);
#2914=AXIS2_PLACEMENT_3D('',#4610,#3630,#3631);
#2915=AXIS2_PLACEMENT_3D('',#4611,#3632,#3633);
#2916=AXIS2_PLACEMENT_3D('',#4613,#3635,#3636);
#2917=AXIS2_PLACEMENT_3D('placement',#4615,#3638,#3639);
#2918=AXIS2_PLACEMENT_3D('',#4616,#3640,#3641);
#2919=AXIS2_PLACEMENT_3D('',#4623,#3642,#3643);
#2920=AXIS2_PLACEMENT_3D('',#4628,#3644,#3645);
#2921=AXIS2_PLACEMENT_3D('',#4629,#3646,#3647);
#2922=AXIS2_PLACEMENT_3D('',#4635,#3648,#3649);
#2923=AXIS2_PLACEMENT_3D('',#4640,#3650,#3651);
#2924=AXIS2_PLACEMENT_3D('',#4641,#3652,#3653);
#2925=AXIS2_PLACEMENT_3D('',#4647,#3654,#3655);
#2926=AXIS2_PLACEMENT_3D('',#4652,#3656,#3657);
#2927=AXIS2_PLACEMENT_3D('',#4653,#3658,#3659);
#2928=AXIS2_PLACEMENT_3D('',#4660,#3660,#3661);
#2929=AXIS2_PLACEMENT_3D('',#4664,#3662,#3663);
#2930=AXIS2_PLACEMENT_3D('',#4665,#3664,#3665);
#2931=AXIS2_PLACEMENT_3D('',#4671,#3666,#3667);
#2932=AXIS2_PLACEMENT_3D('',#4676,#3668,#3669);
#2933=AXIS2_PLACEMENT_3D('',#4677,#3670,#3671);
#2934=AXIS2_PLACEMENT_3D('',#4683,#3672,#3673);
#2935=AXIS2_PLACEMENT_3D('',#4687,#3674,#3675);
#2936=AXIS2_PLACEMENT_3D('',#4688,#3676,#3677);
#2937=AXIS2_PLACEMENT_3D('',#4695,#3678,#3679);
#2938=AXIS2_PLACEMENT_3D('',#4700,#3680,#3681);
#2939=AXIS2_PLACEMENT_3D('',#4701,#3682,#3683);
#2940=AXIS2_PLACEMENT_3D('',#4708,#3684,#3685);
#2941=AXIS2_PLACEMENT_3D('',#4712,#3686,#3687);
#2942=AXIS2_PLACEMENT_3D('',#4713,#3688,#3689);
#2943=AXIS2_PLACEMENT_3D('',#4719,#3690,#3691);
#2944=AXIS2_PLACEMENT_3D('',#4724,#3692,#3693);
#2945=AXIS2_PLACEMENT_3D('',#4725,#3694,#3695);
#2946=AXIS2_PLACEMENT_3D('',#4731,#3696,#3697);
#2947=AXIS2_PLACEMENT_3D('',#4736,#3698,#3699);
#2948=AXIS2_PLACEMENT_3D('',#4737,#3700,#3701);
#2949=AXIS2_PLACEMENT_3D('',#4743,#3702,#3703);
#2950=AXIS2_PLACEMENT_3D('',#4748,#3704,#3705);
#2951=AXIS2_PLACEMENT_3D('',#4749,#3706,#3707);
#2952=AXIS2_PLACEMENT_3D('',#4754,#3708,#3709);
#2953=AXIS2_PLACEMENT_3D('',#4759,#3710,#3711);
#2954=AXIS2_PLACEMENT_3D('',#4760,#3712,#3713);
#2955=AXIS2_PLACEMENT_3D('',#4763,#3716,#3717);
#2956=AXIS2_PLACEMENT_3D('',#4766,#3720,#3721);
#2957=AXIS2_PLACEMENT_3D('',#4767,#3722,#3723);
#2958=AXIS2_PLACEMENT_3D('',#4770,#3726,#3727);
#2959=AXIS2_PLACEMENT_3D('',#4772,#3729,#3730);
#2960=AXIS2_PLACEMENT_3D('',#4774,#3732,#3733);
#2961=AXIS2_PLACEMENT_3D('',#4776,#3734,#3735);
#2962=AXIS2_PLACEMENT_3D('',#4779,#3737,#3738);
#2963=AXIS2_PLACEMENT_3D('',#4780,#3739,#3740);
#2964=AXIS2_PLACEMENT_3D('',#4783,#3741,#3742);
#2965=AXIS2_PLACEMENT_3D('',#4784,#3743,#3744);
#2966=AXIS2_PLACEMENT_3D('',#4786,#3746,#3747);
#2967=AXIS2_PLACEMENT_3D('',#4787,#3748,#3749);
#2968=AXIS2_PLACEMENT_3D('',#4789,#3750,#3751);
#2969=AXIS2_PLACEMENT_3D('',#4791,#3753,#3754);
#2970=AXIS2_PLACEMENT_3D('',#4792,#3755,#3756);
#2971=AXIS2_PLACEMENT_3D('',#4795,#3759,#3760);
#2972=AXIS2_PLACEMENT_3D('',#4797,#3762,#3763);
#2973=AXIS2_PLACEMENT_3D('',#4798,#3764,#3765);
#2974=AXIS2_PLACEMENT_3D('',#4799,#3766,#3767);
#2975=AXIS2_PLACEMENT_3D('',#4801,#3769,#3770);
#2976=AXIS2_PLACEMENT_3D('',#4802,#3771,#3772);
#2977=AXIS2_PLACEMENT_3D('',#4803,#3773,#3774);
#2978=AXIS2_PLACEMENT_3D('',#4804,#3775,#3776);
#2979=DIRECTION('axis',(0.,0.,1.));
#2980=DIRECTION('refdir',(1.,0.,0.));
#2981=DIRECTION('axis',(0.,0.,1.));
#2982=DIRECTION('refdir',(1.,0.,0.));
#2983=DIRECTION('center_axis',(1.,-2.56585412168851E-49,-4.58459171336708E-48));
#2984=DIRECTION('ref_axis',(2.8749065789227E-49,1.,-8.05913393501506E-15));
#2985=DIRECTION('center_axis',(-1.,0.,0.));
#2986=DIRECTION('ref_axis',(2.8749065789227E-49,1.,-8.05913393501506E-15));
#2987=DIRECTION('',(-1.,2.56585412168851E-49,4.58459171336708E-48));
#2988=DIRECTION('center_axis',(1.,-2.56585412168851E-49,-4.58459171336708E-48));
#2989=DIRECTION('ref_axis',(2.8749065789227E-49,1.,-8.05913393501506E-15));
#2990=DIRECTION('center_axis',(1.,-2.56585412168851E-49,-4.58459171336708E-48));
#2991=DIRECTION('ref_axis',(2.8749065789227E-49,1.,-8.05913393501506E-15));
#2992=DIRECTION('center_axis',(-1.,0.,0.));
#2993=DIRECTION('ref_axis',(2.8749065789227E-49,1.,-8.05913393501506E-15));
#2994=DIRECTION('center_axis',(-1.,5.69576980192162E-34,-5.70545630296328E-51));
#2995=DIRECTION('ref_axis',(2.8749065789227E-49,1.,-8.05913393501506E-15));
#2996=DIRECTION('center_axis',(1.,3.06161699786838E-16,0.));
#2997=DIRECTION('ref_axis',(0.,1.,0.));
#2998=DIRECTION('center_axis',(1.,3.06161699786838E-16,0.));
#2999=DIRECTION('ref_axis',(0.,1.,0.));
#3000=DIRECTION('center_axis',(1.,3.06161699786838E-16,0.));
#3001=DIRECTION('ref_axis',(0.,1.,0.));
#3002=DIRECTION('',(-0.707106781186548,0.707106781186547,8.65956056235493E-17));
#3003=DIRECTION('center_axis',(1.,3.06161699786838E-16,0.));
#3004=DIRECTION('ref_axis',(0.,1.,0.));
#3005=DIRECTION('center_axis',(1.,3.06161699786838E-16,0.));
#3006=DIRECTION('ref_axis',(0.,1.,0.));
#3007=DIRECTION('center_axis',(1.,3.06161699786838E-16,0.));
#3008=DIRECTION('ref_axis',(0.,1.,0.));
#3009=DIRECTION('center_axis',(1.,3.06161699786838E-16,0.));
#3010=DIRECTION('ref_axis',(0.,0.,-1.));
#3011=DIRECTION('center_axis',(-1.,-3.06161699786838E-16,0.));
#3012=DIRECTION('ref_axis',(3.06161699786838E-16,-1.,0.));
#3013=DIRECTION('',(3.06161699786838E-16,-1.,-5.43852429378756E-32));
#3014=DIRECTION('center_axis',(-1.,-3.06161699786838E-16,0.));
#3015=DIRECTION('ref_axis',(3.06161699786838E-16,-1.,0.));
#3016=DIRECTION('',(-3.06161699786838E-16,1.,-1.22464679914735E-16));
#3017=DIRECTION('center_axis',(1.,1.99245538946977E-31,2.42829244107679E-17));
#3018=DIRECTION('ref_axis',(0.,1.,-8.18138177449529E-15));
#3019=DIRECTION('center_axis',(-1.,-1.99245538946977E-31,-2.42829244107679E-17));
#3020=DIRECTION('ref_axis',(0.,1.,-8.18138177449529E-15));
#3021=DIRECTION('center_axis',(-1.,-1.99245538946977E-31,-2.42829244107679E-17));
#3022=DIRECTION('ref_axis',(0.,1.,-8.18138177449529E-15));
#3023=DIRECTION('',(-0.707106781186548,0.707106781186547,-5.715685547116E-15));
#3024=DIRECTION('center_axis',(1.,1.99245538946977E-31,2.42829244107679E-17));
#3025=DIRECTION('ref_axis',(0.,1.,-8.18138177449529E-15));
#3026=DIRECTION('center_axis',(-1.,-1.99245538946977E-31,-2.42829244107679E-17));
#3027=DIRECTION('ref_axis',(2.42829244107679E-17,-8.18138177449529E-15,
-1.));
#3028=DIRECTION('center_axis',(1.,1.99245538946977E-31,2.42829244107679E-17));
#3029=DIRECTION('ref_axis',(0.,-1.,8.18138177449529E-15));
#3030=DIRECTION('center_axis',(1.,1.99245538946977E-31,2.42829244107679E-17));
#3031=DIRECTION('ref_axis',(0.,-1.,8.18138177449529E-15));
#3032=DIRECTION('center_axis',(1.,1.99245538946977E-31,2.42829244107679E-17));
#3033=DIRECTION('ref_axis',(0.,-1.,8.18138177449529E-15));
#3034=DIRECTION('',(-1.,-1.99245538946977E-31,-2.42829244107679E-17));
#3035=DIRECTION('center_axis',(1.,1.99245538946977E-31,2.42829244107679E-17));
#3036=DIRECTION('ref_axis',(0.,-1.,8.18138177449529E-15));
#3037=DIRECTION('center_axis',(1.,1.99245538946977E-31,2.42829244107679E-17));
#3038=DIRECTION('ref_axis',(0.,8.19857002800112E-15,1.));
#3039=DIRECTION('center_axis',(-2.23408743341353E-33,1.,-8.1131682568761E-15));
#3040=DIRECTION('ref_axis',(0.,-8.1131682568761E-15,-1.));
#3041=DIRECTION('center_axis',(1.,1.99245538946977E-31,2.42829244107679E-17));
#3042=DIRECTION('ref_axis',(0.,-1.,8.18138177449529E-15));
#3043=DIRECTION('center_axis',(1.,1.99245538946977E-31,2.42829244107679E-17));
#3044=DIRECTION('ref_axis',(0.,-1.,8.18138177449529E-15));
#3045=DIRECTION('center_axis',(1.,1.99245538946977E-31,2.42829244107679E-17));
#3046=DIRECTION('ref_axis',(0.,-1.,8.18138177449529E-15));
#3047=DIRECTION('center_axis',(1.,1.99245538946977E-31,2.42829244107679E-17));
#3048=DIRECTION('ref_axis',(0.,-1.,8.18138177449529E-15));
#3049=DIRECTION('center_axis',(-1.,0.,0.));
#3050=DIRECTION('ref_axis',(0.,-1.,8.18138177449529E-15));
#3051=DIRECTION('',(-0.707106781186551,-0.707106781186545,5.68134430608018E-15));
#3052=DIRECTION('center_axis',(1.,-5.56878165308154E-34,2.48625324895111E-34));
#3053=DIRECTION('ref_axis',(-5.69576980192159E-34,-0.707106781186542,0.707106781186553));
#3054=DIRECTION('center_axis',(-1.,5.56878165308154E-34,-2.48625324895111E-34));
#3055=DIRECTION('ref_axis',(-5.69576980192159E-34,-0.707106781186542,0.707106781186553));
#3056=DIRECTION('center_axis',(-1.,5.56878165308154E-34,-2.48625324895111E-34));
#3057=DIRECTION('ref_axis',(-5.69576980192159E-34,-0.707106781186542,0.707106781186553));
#3058=DIRECTION('',(-0.707106781186548,-0.499999999999996,0.500000000000004));
#3059=DIRECTION('center_axis',(1.,-5.56878165308154E-34,2.48625324895111E-34));
#3060=DIRECTION('ref_axis',(-5.69576980192159E-34,-0.707106781186542,0.707106781186553));
#3061=DIRECTION('center_axis',(-1.,5.56878165308154E-34,-2.48625324895111E-34));
#3062=DIRECTION('ref_axis',(2.17967673776083E-34,0.707106781186553,0.707106781186542));
#3063=DIRECTION('center_axis',(1.,-5.56878165308154E-34,2.48625324895111E-34));
#3064=DIRECTION('ref_axis',(5.69576980192159E-34,0.707106781186542,-0.707106781186553));
#3065=DIRECTION('center_axis',(1.,-5.56878165308154E-34,2.48625324895111E-34));
#3066=DIRECTION('ref_axis',(5.69576980192159E-34,0.707106781186542,-0.707106781186553));
#3067=DIRECTION('center_axis',(1.,-5.56878165308154E-34,2.48625324895111E-34));
#3068=DIRECTION('ref_axis',(5.69576980192159E-34,0.707106781186542,-0.707106781186553));
#3069=DIRECTION('',(-1.,5.56878165308154E-34,-2.48625324895111E-34));
#3070=DIRECTION('center_axis',(1.,-5.56878165308154E-34,2.48625324895111E-34));
#3071=DIRECTION('ref_axis',(5.69576980192159E-34,0.707106781186542,-0.707106781186553));
#3072=DIRECTION('center_axis',(1.,-5.56878165308154E-34,2.48625324895111E-34));
#3073=DIRECTION('ref_axis',(0.,-0.707106781186553,-0.707106781186542));
#3074=DIRECTION('center_axis',(-5.69576980192159E-34,-0.707106781186542,
0.707106781186553));
#3075=DIRECTION('ref_axis',(0.,0.707106781186553,0.707106781186542));
#3076=DIRECTION('center_axis',(1.,-5.56878165308154E-34,2.48625324895111E-34));
#3077=DIRECTION('ref_axis',(5.69576980192159E-34,0.707106781186542,-0.707106781186553));
#3078=DIRECTION('center_axis',(1.,-5.56878165308154E-34,2.48625324895111E-34));
#3079=DIRECTION('ref_axis',(5.69576980192159E-34,0.707106781186542,-0.707106781186553));
#3080=DIRECTION('center_axis',(1.,-5.56878165308154E-34,2.48625324895111E-34));
#3081=DIRECTION('ref_axis',(5.69576980192159E-34,0.707106781186542,-0.707106781186553));
#3082=DIRECTION('center_axis',(1.,-5.56878165308154E-34,2.48625324895111E-34));
#3083=DIRECTION('ref_axis',(5.69576980192159E-34,0.707106781186542,-0.707106781186553));
#3084=DIRECTION('center_axis',(-1.,0.,0.));
#3085=DIRECTION('ref_axis',(5.69576980192159E-34,0.707106781186542,-0.707106781186553));
#3086=DIRECTION('',(-0.707106781186551,0.499999999999994,-0.500000000000002));
#3087=DIRECTION('center_axis',(1.,-2.17967673776075E-34,5.69576980192159E-34));
#3088=DIRECTION('ref_axis',(-5.69576980192157E-34,8.28117853994009E-15,
1.));
#3089=DIRECTION('center_axis',(-1.,2.17967673776075E-34,-5.69576980192159E-34));
#3090=DIRECTION('ref_axis',(-5.69576980192157E-34,8.28117853994009E-15,
1.));
#3091=DIRECTION('center_axis',(-1.,2.17967673776075E-34,-5.69576980192159E-34));
#3092=DIRECTION('ref_axis',(-5.69576980192157E-34,8.28117853994009E-15,
1.));
#3093=DIRECTION('',(-0.707106781186548,5.7690818961846E-15,0.707106781186547));
#3094=DIRECTION('center_axis',(1.,-2.17967673776075E-34,5.69576980192159E-34));
#3095=DIRECTION('ref_axis',(-5.69576980192157E-34,8.28117853994009E-15,
1.));
#3096=DIRECTION('center_axis',(-1.,2.17967673776075E-34,-5.69576980192159E-34));
#3097=DIRECTION('ref_axis',(2.1796767377608E-34,1.,-8.28117853994009E-15));
#3098=DIRECTION('center_axis',(1.,-2.17967673776075E-34,5.69576980192159E-34));
#3099=DIRECTION('ref_axis',(5.69576980192157E-34,-8.28117853994009E-15,
-1.));
#3100=DIRECTION('center_axis',(1.,-2.17967673776075E-34,5.69576980192159E-34));
#3101=DIRECTION('ref_axis',(5.69576980192157E-34,-8.28117853994009E-15,
-1.));
#3102=DIRECTION('center_axis',(1.,-2.17967673776075E-34,5.69576980192159E-34));
#3103=DIRECTION('ref_axis',(5.69576980192157E-34,-8.28117853994009E-15,
-1.));
#3104=DIRECTION('',(-1.,2.17967673776075E-34,-5.69576980192159E-34));
#3105=DIRECTION('center_axis',(1.,-2.17967673776075E-34,5.69576980192159E-34));
#3106=DIRECTION('ref_axis',(5.69576980192157E-34,-8.28117853994009E-15,
-1.));
#3107=DIRECTION('center_axis',(1.,-2.17967673776075E-34,5.69576980192159E-34));
#3108=DIRECTION('ref_axis',(0.,-1.,8.19857002800112E-15));
#3109=DIRECTION('center_axis',(-5.69576980192157E-34,8.1131682568761E-15,
1.));
#3110=DIRECTION('ref_axis',(0.,1.,-8.1131682568761E-15));
#3111=DIRECTION('center_axis',(1.,-2.17967673776075E-34,5.69576980192159E-34));
#3112=DIRECTION('ref_axis',(5.69576980192157E-34,-8.28117853994009E-15,
-1.));
#3113=DIRECTION('center_axis',(1.,-2.17967673776075E-34,5.69576980192159E-34));
#3114=DIRECTION('ref_axis',(5.69576980192157E-34,-8.28117853994009E-15,
-1.));
#3115=DIRECTION('center_axis',(1.,-2.17967673776075E-34,5.69576980192159E-34));
#3116=DIRECTION('ref_axis',(5.69576980192157E-34,-8.28117853994009E-15,
-1.));
#3117=DIRECTION('center_axis',(1.,-2.17967673776075E-34,5.69576980192159E-34));
#3118=DIRECTION('ref_axis',(5.69576980192157E-34,-8.28117853994009E-15,
-1.));
#3119=DIRECTION('center_axis',(-1.,0.,0.));
#3120=DIRECTION('ref_axis',(5.69576980192157E-34,-8.28117853994008E-15,
-1.));
#3121=DIRECTION('',(-0.707106781186551,-5.76908189618457E-15,-0.707106781186545));
#3122=DIRECTION('center_axis',(1.,2.48625324895114E-34,5.56878165308149E-34));
#3123=DIRECTION('ref_axis',(-5.69576980192158E-34,0.707106781186553,0.707106781186542));
#3124=DIRECTION('center_axis',(-1.,-2.48625324895114E-34,-5.56878165308149E-34));
#3125=DIRECTION('ref_axis',(-5.69576980192158E-34,0.707106781186553,0.707106781186542));
#3126=DIRECTION('center_axis',(-1.,-2.48625324895114E-34,-5.56878165308149E-34));
#3127=DIRECTION('ref_axis',(-5.69576980192158E-34,0.707106781186553,0.707106781186542));
#3128=DIRECTION('',(-0.707106781186548,0.500000000000004,0.499999999999996));
#3129=DIRECTION('center_axis',(1.,2.48625324895114E-34,5.56878165308149E-34));
#3130=DIRECTION('ref_axis',(-5.69576980192158E-34,0.707106781186553,0.707106781186542));
#3131=DIRECTION('center_axis',(-1.,-2.48625324895114E-34,-5.56878165308149E-34));
#3132=DIRECTION('ref_axis',(2.17967673776076E-34,0.707106781186542,-0.707106781186553));
#3133=DIRECTION('center_axis',(1.,2.48625324895114E-34,5.56878165308149E-34));
#3134=DIRECTION('ref_axis',(5.69576980192158E-34,-0.707106781186553,-0.707106781186542));
#3135=DIRECTION('center_axis',(1.,2.48625324895114E-34,5.56878165308149E-34));
#3136=DIRECTION('ref_axis',(5.69576980192158E-34,-0.707106781186553,-0.707106781186542));
#3137=DIRECTION('center_axis',(1.,2.48625324895114E-34,5.56878165308149E-34));
#3138=DIRECTION('ref_axis',(5.69576980192158E-34,-0.707106781186553,-0.707106781186542));
#3139=DIRECTION('',(-1.,-2.48625324895114E-34,-5.56878165308149E-34));
#3140=DIRECTION('center_axis',(1.,2.48625324895114E-34,5.56878165308149E-34));
#3141=DIRECTION('ref_axis',(5.69576980192158E-34,-0.707106781186553,-0.707106781186542));
#3142=DIRECTION('center_axis',(1.,2.48625324895114E-34,5.56878165308149E-34));
#3143=DIRECTION('ref_axis',(0.,-0.707106781186542,0.707106781186553));
#3144=DIRECTION('center_axis',(-5.69576980192158E-34,0.707106781186553,
0.707106781186542));
#3145=DIRECTION('ref_axis',(0.,0.707106781186542,-0.707106781186553));
#3146=DIRECTION('center_axis',(1.,2.48625324895114E-34,5.56878165308149E-34));
#3147=DIRECTION('ref_axis',(5.69576980192158E-34,-0.707106781186553,-0.707106781186542));
#3148=DIRECTION('center_axis',(1.,2.48625324895114E-34,5.56878165308149E-34));
#3149=DIRECTION('ref_axis',(5.69576980192158E-34,-0.707106781186553,-0.707106781186542));
#3150=DIRECTION('center_axis',(1.,2.48625324895114E-34,5.56878165308149E-34));
#3151=DIRECTION('ref_axis',(5.69576980192158E-34,-0.707106781186553,-0.707106781186542));
#3152=DIRECTION('center_axis',(1.,2.48625324895114E-34,5.56878165308149E-34));
#3153=DIRECTION('ref_axis',(5.69576980192157E-34,-0.707106781186553,-0.707106781186542));
#3154=DIRECTION('center_axis',(-1.,0.,0.));
#3155=DIRECTION('ref_axis',(5.69576980192158E-34,-0.707106781186553,-0.707106781186542));
#3156=DIRECTION('',(-0.70710678118655,-0.500000000000002,-0.499999999999994));
#3157=DIRECTION('center_axis',(1.,5.69576980192163E-34,2.1796767377607E-34));
#3158=DIRECTION('ref_axis',(-5.69576980192161E-34,1.,-8.18159861492979E-15));
#3159=DIRECTION('center_axis',(-1.,-5.69576980192163E-34,-2.1796767377607E-34));
#3160=DIRECTION('ref_axis',(-5.69576980192161E-34,1.,-8.18159861492979E-15));
#3161=DIRECTION('center_axis',(-1.,-5.69576980192163E-34,-2.1796767377607E-34));
#3162=DIRECTION('ref_axis',(-5.69576980192161E-34,1.,-8.18159861492979E-15));
#3163=DIRECTION('',(-0.707106781186548,0.707106781186547,-5.69866825593977E-15));
#3164=DIRECTION('center_axis',(1.,5.69576980192163E-34,2.1796767377607E-34));
#3165=DIRECTION('ref_axis',(-5.69576980192161E-34,1.,-8.18159861492979E-15));
#3166=DIRECTION('center_axis',(-1.,-5.69576980192163E-34,-2.1796767377607E-34));
#3167=DIRECTION('ref_axis',(2.17967673776074E-34,-8.18159861492979E-15,
-1.));
#3168=DIRECTION('center_axis',(1.,5.69576980192163E-34,2.1796767377607E-34));
#3169=DIRECTION('ref_axis',(5.69576980192161E-34,-1.,8.18159861492979E-15));
#3170=DIRECTION('center_axis',(1.,5.69576980192163E-34,2.1796767377607E-34));
#3171=DIRECTION('ref_axis',(5.69576980192161E-34,-1.,8.18159861492979E-15));
#3172=DIRECTION('center_axis',(1.,5.69576980192163E-34,2.1796767377607E-34));
#3173=DIRECTION('ref_axis',(5.69576980192161E-34,-1.,8.18159861492979E-15));
#3174=DIRECTION('',(-1.,-5.69576980192163E-34,-2.1796767377607E-34));
#3175=DIRECTION('center_axis',(1.,5.69576980192163E-34,2.1796767377607E-34));
#3176=DIRECTION('ref_axis',(5.69576980192161E-34,-1.,8.18159861492979E-15));
#3177=DIRECTION('center_axis',(1.,5.69576980192163E-34,2.1796767377607E-34));
#3178=DIRECTION('ref_axis',(0.,8.19857002800112E-15,1.));
#3179=DIRECTION('center_axis',(-5.69576980192161E-34,1.,-8.1131682568761E-15));
#3180=DIRECTION('ref_axis',(0.,-8.1131682568761E-15,-1.));
#3181=DIRECTION('center_axis',(1.,5.69576980192163E-34,2.1796767377607E-34));
#3182=DIRECTION('ref_axis',(5.69576980192161E-34,-1.,8.18159861492979E-15));
#3183=DIRECTION('center_axis',(1.,5.69576980192163E-34,2.1796767377607E-34));
#3184=DIRECTION('ref_axis',(5.69576980192161E-34,-1.,8.18159861492979E-15));
#3185=DIRECTION('center_axis',(1.,5.69576980192163E-34,2.1796767377607E-34));
#3186=DIRECTION('ref_axis',(5.69576980192161E-34,-1.,8.18159861492979E-15));
#3187=DIRECTION('center_axis',(1.,5.69576980192163E-34,2.1796767377607E-34));
#3188=DIRECTION('ref_axis',(5.69576980192161E-34,-1.,8.18159861492979E-15));
#3189=DIRECTION('center_axis',(-1.,0.,0.));
#3190=DIRECTION('ref_axis',(5.69576980192161E-34,-1.,8.18159861492979E-15));
#3191=DIRECTION('',(-0.707106781186551,-0.707106781186545,5.69866825593975E-15));
#3192=DIRECTION('center_axis',(1.,5.56878165308153E-34,-2.4862532489512E-34));
#3193=DIRECTION('ref_axis',(-5.69576980192164E-34,0.707106781186542,-0.707106781186553));
#3194=DIRECTION('center_axis',(-1.,-5.56878165308153E-34,2.4862532489512E-34));
#3195=DIRECTION('ref_axis',(-5.69576980192164E-34,0.707106781186542,-0.707106781186553));
#3196=DIRECTION('center_axis',(-1.,-5.56878165308153E-34,2.4862532489512E-34));
#3197=DIRECTION('ref_axis',(-5.69576980192164E-34,0.707106781186542,-0.707106781186553));
#3198=DIRECTION('',(-0.707106781186548,0.499999999999996,-0.500000000000004));
#3199=DIRECTION('center_axis',(1.,5.56878165308153E-34,-2.4862532489512E-34));
#3200=DIRECTION('ref_axis',(-5.69576980192164E-34,0.707106781186542,-0.707106781186553));
#3201=DIRECTION('center_axis',(-1.,-5.56878165308153E-34,2.4862532489512E-34));
#3202=DIRECTION('ref_axis',(2.17967673776075E-34,-0.707106781186553,-0.707106781186542));
#3203=DIRECTION('center_axis',(1.,5.56878165308153E-34,-2.4862532489512E-34));
#3204=DIRECTION('ref_axis',(5.69576980192164E-34,-0.707106781186542,0.707106781186553));
#3205=DIRECTION('center_axis',(1.,5.56878165308153E-34,-2.4862532489512E-34));
#3206=DIRECTION('ref_axis',(5.69576980192164E-34,-0.707106781186542,0.707106781186553));
#3207=DIRECTION('center_axis',(1.,5.56878165308153E-34,-2.4862532489512E-34));
#3208=DIRECTION('ref_axis',(5.69576980192164E-34,-0.707106781186542,0.707106781186553));
#3209=DIRECTION('',(-1.,-5.56878165308153E-34,2.4862532489512E-34));
#3210=DIRECTION('center_axis',(1.,5.56878165308153E-34,-2.4862532489512E-34));
#3211=DIRECTION('ref_axis',(5.69576980192164E-34,-0.707106781186542,0.707106781186553));
#3212=DIRECTION('center_axis',(1.,5.56878165308153E-34,-2.4862532489512E-34));
#3213=DIRECTION('ref_axis',(0.,0.707106781186553,0.707106781186542));
#3214=DIRECTION('center_axis',(-5.69576980192164E-34,0.707106781186542,
-0.707106781186553));
#3215=DIRECTION('ref_axis',(0.,-0.707106781186553,-0.707106781186542));
#3216=DIRECTION('center_axis',(1.,5.56878165308153E-34,-2.4862532489512E-34));
#3217=DIRECTION('ref_axis',(5.69576980192164E-34,-0.707106781186542,0.707106781186553));
#3218=DIRECTION('center_axis',(1.,5.56878165308153E-34,-2.4862532489512E-34));
#3219=DIRECTION('ref_axis',(5.69576980192164E-34,-0.707106781186542,0.707106781186553));
#3220=DIRECTION('center_axis',(1.,5.56878165308153E-34,-2.4862532489512E-34));
#3221=DIRECTION('ref_axis',(5.69576980192164E-34,-0.707106781186542,0.707106781186553));
#3222=DIRECTION('center_axis',(1.,5.56878165308153E-34,-2.4862532489512E-34));
#3223=DIRECTION('ref_axis',(5.69576980192164E-34,-0.707106781186542,0.707106781186553));
#3224=DIRECTION('center_axis',(-1.,0.,0.));
#3225=DIRECTION('ref_axis',(5.69576980192164E-34,-0.707106781186542,0.707106781186553));
#3226=DIRECTION('',(-0.70710678118655,-0.499999999999994,0.500000000000002));
#3227=DIRECTION('center_axis',(1.,2.17967673776074E-34,-5.69576980192168E-34));
#3228=DIRECTION('ref_axis',(-5.69576980192166E-34,-7.83708933009002E-15,
-1.));
#3229=DIRECTION('center_axis',(-1.,-2.17967673776074E-34,5.69576980192168E-34));
#3230=DIRECTION('ref_axis',(-5.69576980192166E-34,-7.83708933009002E-15,
-1.));
#3231=DIRECTION('center_axis',(-1.,-2.17967673776074E-34,5.69576980192168E-34));
#3232=DIRECTION('ref_axis',(-5.69576980192166E-34,-7.83708933009002E-15,
-1.));
#3233=DIRECTION('',(-0.707106781186548,-5.45506340444784E-15,-0.707106781186547));
#3234=DIRECTION('center_axis',(1.,2.17967673776074E-34,-5.69576980192168E-34));
#3235=DIRECTION('ref_axis',(-5.69576980192166E-34,-7.83708933009002E-15,
-1.));
#3236=DIRECTION('center_axis',(-1.,-2.17967673776074E-34,5.69576980192168E-34));
#3237=DIRECTION('ref_axis',(2.17967673776078E-34,-1.,7.83708933009002E-15));
#3238=DIRECTION('center_axis',(1.,2.17967673776074E-34,-5.69576980192168E-34));
#3239=DIRECTION('ref_axis',(5.69576980192166E-34,7.83708933009002E-15,1.));
#3240=DIRECTION('center_axis',(1.,2.17967673776074E-34,-5.69576980192168E-34));
#3241=DIRECTION('ref_axis',(5.69576980192166E-34,7.83708933009002E-15,1.));
#3242=DIRECTION('center_axis',(1.,2.17967673776074E-34,-5.69576980192168E-34));
#3243=DIRECTION('ref_axis',(5.69576980192166E-34,7.83708933009002E-15,1.));
#3244=DIRECTION('',(-1.,-2.17967673776074E-34,5.69576980192168E-34));
#3245=DIRECTION('center_axis',(1.,2.17967673776074E-34,-5.69576980192168E-34));
#3246=DIRECTION('ref_axis',(5.69576980192166E-34,7.83708933009002E-15,1.));
#3247=DIRECTION('center_axis',(1.,2.17967673776074E-34,-5.69576980192168E-34));
#3248=DIRECTION('ref_axis',(0.,1.,-7.85696294350107E-15));
#3249=DIRECTION('center_axis',(-5.69576980192166E-34,-7.68615940125105E-15,
-1.));
#3250=DIRECTION('ref_axis',(0.,-1.,7.68615940125105E-15));
#3251=DIRECTION('center_axis',(1.,2.17967673776074E-34,-5.69576980192168E-34));
#3252=DIRECTION('ref_axis',(5.69576980192166E-34,7.83708933009002E-15,1.));
#3253=DIRECTION('center_axis',(1.,2.17967673776074E-34,-5.69576980192168E-34));
#3254=DIRECTION('ref_axis',(5.69576980192166E-34,7.83708933009002E-15,1.));
#3255=DIRECTION('center_axis',(1.,2.17967673776074E-34,-5.69576980192168E-34));
#3256=DIRECTION('ref_axis',(5.69576980192166E-34,7.83708933009002E-15,1.));
#3257=DIRECTION('center_axis',(1.,2.17967673776074E-34,-5.69576980192168E-34));
#3258=DIRECTION('ref_axis',(5.69576980192166E-34,7.83708933009002E-15,1.));
#3259=DIRECTION('center_axis',(-1.,0.,0.));
#3260=DIRECTION('ref_axis',(5.69576980192166E-34,7.83708933009002E-15,1.));
#3261=DIRECTION('',(-0.707106781186551,5.45506340444782E-15,0.707106781186545));
#3262=DIRECTION('center_axis',(1.,-2.48625324895115E-34,-5.56878165308159E-34));
#3263=DIRECTION('ref_axis',(-5.69576980192165E-34,-0.707106781186553,-0.707106781186542));
#3264=DIRECTION('center_axis',(-1.,2.48625324895115E-34,5.56878165308159E-34));
#3265=DIRECTION('ref_axis',(-5.69576980192165E-34,-0.707106781186553,-0.707106781186542));
#3266=DIRECTION('center_axis',(-1.,2.48625324895115E-34,5.56878165308159E-34));
#3267=DIRECTION('ref_axis',(-5.69576980192165E-34,-0.707106781186553,-0.707106781186542));
#3268=DIRECTION('',(-0.707106781186548,-0.500000000000004,-0.499999999999996));
#3269=DIRECTION('center_axis',(1.,-2.48625324895115E-34,-5.56878165308159E-34));
#3270=DIRECTION('ref_axis',(-5.69576980192165E-34,-0.707106781186553,-0.707106781186542));
#3271=DIRECTION('center_axis',(-1.,2.48625324895115E-34,5.56878165308159E-34));
#3272=DIRECTION('ref_axis',(2.17967673776082E-34,-0.707106781186542,0.707106781186553));
#3273=DIRECTION('center_axis',(1.,-2.48625324895115E-34,-5.56878165308159E-34));
#3274=DIRECTION('ref_axis',(5.69576980192165E-34,0.707106781186553,0.707106781186542));
#3275=DIRECTION('center_axis',(1.,-2.48625324895115E-34,-5.56878165308159E-34));
#3276=DIRECTION('ref_axis',(5.69576980192165E-34,0.707106781186553,0.707106781186542));
#3277=DIRECTION('center_axis',(1.,-2.48625324895115E-34,-5.56878165308159E-34));
#3278=DIRECTION('ref_axis',(5.69576980192165E-34,0.707106781186553,0.707106781186542));
#3279=DIRECTION('',(-1.,2.48625324895115E-34,5.56878165308159E-34));
#3280=DIRECTION('center_axis',(1.,-2.48625324895115E-34,-5.56878165308159E-34));
#3281=DIRECTION('ref_axis',(5.69576980192165E-34,0.707106781186553,0.707106781186542));
#3282=DIRECTION('center_axis',(1.,-2.48625324895115E-34,-5.56878165308159E-34));
#3283=DIRECTION('ref_axis',(0.,0.707106781186542,-0.707106781186553));
#3284=DIRECTION('center_axis',(-5.69576980192165E-34,-0.707106781186553,
-0.707106781186542));
#3285=DIRECTION('ref_axis',(0.,-0.707106781186542,0.707106781186553));
#3286=DIRECTION('center_axis',(1.,-2.48625324895115E-34,-5.56878165308159E-34));
#3287=DIRECTION('ref_axis',(5.69576980192165E-34,0.707106781186553,0.707106781186542));
#3288=DIRECTION('center_axis',(1.,-2.48625324895115E-34,-5.56878165308159E-34));
#3289=DIRECTION('ref_axis',(5.69576980192165E-34,0.707106781186553,0.707106781186542));
#3290=DIRECTION('center_axis',(1.,-2.48625324895115E-34,-5.56878165308159E-34));
#3291=DIRECTION('ref_axis',(5.69576980192165E-34,0.707106781186553,0.707106781186542));
#3292=DIRECTION('center_axis',(1.,-2.48625324895115E-34,-5.56878165308159E-34));
#3293=DIRECTION('ref_axis',(5.69576980192165E-34,0.707106781186553,0.707106781186542));
#3294=DIRECTION('center_axis',(-1.,0.,0.));
#3295=DIRECTION('ref_axis',(5.69576980192165E-34,0.707106781186553,0.707106781186542));
#3296=DIRECTION('',(-0.70710678118655,0.500000000000002,0.499999999999994));
#3297=DIRECTION('center_axis',(1.,-5.69576980192164E-34,-2.17967673776079E-34));
#3298=DIRECTION('ref_axis',(-5.69576980192162E-34,-1.,8.05913393501505E-15));
#3299=DIRECTION('center_axis',(-1.,5.69576980192164E-34,2.17967673776079E-34));
#3300=DIRECTION('ref_axis',(-5.69576980192162E-34,-1.,8.05913393501505E-15));
#3301=DIRECTION('center_axis',(-1.,5.69576980192164E-34,2.17967673776079E-34));
#3302=DIRECTION('ref_axis',(-5.69576980192162E-34,-1.,8.05913393501505E-15));
#3303=DIRECTION('',(-0.707106781186548,-0.707106781186547,5.61207265031622E-15));
#3304=DIRECTION('center_axis',(1.,-5.69576980192164E-34,-2.17967673776079E-34));
#3305=DIRECTION('ref_axis',(-5.69576980192162E-34,-1.,8.05913393501505E-15));
#3306=DIRECTION('center_axis',(-1.,5.69576980192164E-34,2.17967673776079E-34));
#3307=DIRECTION('ref_axis',(2.17967673776084E-34,8.05913393501505E-15,1.));
#3308=DIRECTION('center_axis',(1.,-5.69576980192164E-34,-2.17967673776079E-34));
#3309=DIRECTION('ref_axis',(5.69576980192162E-34,1.,-8.05913393501505E-15));
#3310=DIRECTION('center_axis',(1.,-5.69576980192164E-34,-2.17967673776079E-34));
#3311=DIRECTION('ref_axis',(5.69576980192162E-34,1.,-8.05913393501505E-15));
#3312=DIRECTION('center_axis',(1.,-5.69576980192164E-34,-2.17967673776079E-34));
#3313=DIRECTION('ref_axis',(5.69576980192162E-34,1.,-8.05913393501505E-15));
#3314=DIRECTION('',(-1.,5.69576980192164E-34,2.17967673776079E-34));
#3315=DIRECTION('center_axis',(1.,-5.69576980192164E-34,-2.17967673776079E-34));
#3316=DIRECTION('ref_axis',(5.69576980192162E-34,1.,-8.05913393501505E-15));
#3317=DIRECTION('center_axis',(1.,-5.69576980192164E-34,-2.17967673776079E-34));
#3318=DIRECTION('ref_axis',(0.,-7.85696294350107E-15,-1.));
#3319=DIRECTION('center_axis',(-5.69576980192162E-34,-1.,8.1131682568761E-15));
#3320=DIRECTION('ref_axis',(0.,8.1131682568761E-15,1.));
#3321=DIRECTION('center_axis',(1.,-5.69576980192164E-34,-2.17967673776079E-34));
#3322=DIRECTION('ref_axis',(5.69576980192162E-34,1.,-8.05913393501505E-15));
#3323=DIRECTION('center_axis',(1.,-5.69576980192164E-34,-2.17967673776079E-34));
#3324=DIRECTION('ref_axis',(5.69576980192162E-34,1.,-8.05913393501505E-15));
#3325=DIRECTION('center_axis',(1.,-5.69576980192164E-34,-2.17967673776079E-34));
#3326=DIRECTION('ref_axis',(5.69576980192162E-34,1.,-8.05913393501505E-15));
#3327=DIRECTION('center_axis',(1.,-5.69576980192164E-34,-2.17967673776079E-34));
#3328=DIRECTION('ref_axis',(5.69576980192162E-34,1.,-8.05913393501505E-15));
#3329=DIRECTION('center_axis',(-1.,0.,0.));
#3330=DIRECTION('ref_axis',(5.69576980192162E-34,1.,-8.05913393501505E-15));
#3331=DIRECTION('',(-0.707106781186551,0.707106781186545,-5.6120726503162E-15));
#3332=DIRECTION('center_axis',(1.,-1.96271738381619E-31,-2.42829244107679E-17));
#3333=DIRECTION('ref_axis',(0.,-1.,8.05891709458056E-15));
#3334=DIRECTION('center_axis',(-1.,1.96271738381619E-31,2.42829244107679E-17));
#3335=DIRECTION('ref_axis',(0.,-1.,8.05891709458056E-15));
#3336=DIRECTION('center_axis',(-1.,1.96271738381619E-31,2.42829244107679E-17));
#3337=DIRECTION('ref_axis',(0.,-1.,8.05891709458056E-15));
#3338=DIRECTION('',(-0.707106781186548,-0.707106781186547,5.62908994149245E-15));
#3339=DIRECTION('center_axis',(1.,-1.96271738381619E-31,-2.42829244107679E-17));
#3340=DIRECTION('ref_axis',(0.,-1.,8.05891709458056E-15));
#3341=DIRECTION('center_axis',(-1.,1.96271738381619E-31,2.42829244107679E-17));
#3342=DIRECTION('ref_axis',(2.42829244107679E-17,8.05891709458056E-15,1.));
#3343=DIRECTION('center_axis',(1.,-1.96271738381619E-31,-2.42829244107679E-17));
#3344=DIRECTION('ref_axis',(0.,1.,-8.05891709458056E-15));
#3345=DIRECTION('center_axis',(1.,-1.96271738381619E-31,-2.42829244107679E-17));
#3346=DIRECTION('ref_axis',(0.,1.,-8.05891709458056E-15));
#3347=DIRECTION('center_axis',(1.,-1.96271738381619E-31,-2.42829244107679E-17));
#3348=DIRECTION('ref_axis',(0.,1.,-8.05891709458056E-15));
#3349=DIRECTION('',(-1.,1.96271738381619E-31,2.42829244107679E-17));
#3350=DIRECTION('center_axis',(1.,-1.96271738381619E-31,-2.42829244107679E-17));
#3351=DIRECTION('ref_axis',(0.,1.,-8.05891709458056E-15));
#3352=DIRECTION('center_axis',(1.,-1.96271738381619E-31,-2.42829244107679E-17));
#3353=DIRECTION('ref_axis',(0.,-8.19857002800112E-15,-1.));
#3354=DIRECTION('center_axis',(-4.44479874999096E-33,-1.,7.89966382906358E-15));
#3355=DIRECTION('ref_axis',(0.,7.89966382906357E-15,1.));
#3356=DIRECTION('center_axis',(1.,-1.96271738381619E-31,-2.42829244107679E-17));
#3357=DIRECTION('ref_axis',(0.,1.,-8.05891709458056E-15));
#3358=DIRECTION('center_axis',(1.,-1.96271738381619E-31,-2.42829244107679E-17));
#3359=DIRECTION('ref_axis',(0.,1.,-8.05891709458056E-15));
#3360=DIRECTION('center_axis',(1.,-1.96271738381619E-31,-2.42829244107679E-17));
#3361=DIRECTION('ref_axis',(0.,1.,-8.05891709458056E-15));
#3362=DIRECTION('center_axis',(1.,-1.96271738381619E-31,-2.42829244107679E-17));
#3363=DIRECTION('ref_axis',(0.,1.,-8.05891709458056E-15));
#3364=DIRECTION('center_axis',(-1.,0.,0.));
#3365=DIRECTION('ref_axis',(0.,1.,-8.05891709458056E-15));
#3366=DIRECTION('',(-0.707106781186551,0.707106781186545,-5.59474870045664E-15));
#3367=DIRECTION('center_axis',(-1.,2.56585412168851E-49,4.58459171336708E-48));
#3368=DIRECTION('ref_axis',(4.58459171336709E-48,8.05913393501505E-15,1.));
#3369=DIRECTION('center_axis',(-5.69576980192162E-34,-1.,0.));
#3370=DIRECTION('ref_axis',(-0.707106781186548,9.88390879888447E-16,0.707106781186548));
#3371=DIRECTION('',(-5.69576980192162E-34,-1.,0.));
#3372=DIRECTION('',(5.69576980192162E-34,1.,0.));
#3373=DIRECTION('center_axis',(1.,-5.69576980192162E-34,5.70545630296328E-51));
#3374=DIRECTION('ref_axis',(-4.58459171336709E-48,-8.05913393501505E-15,
-1.));
#3375=DIRECTION('center_axis',(1.,-2.56585412168851E-49,-4.58459171336708E-48));
#3376=DIRECTION('ref_axis',(1.59996365311664E-48,0.955769224074821,0.294117647058816));
#3377=DIRECTION('',(5.69576980192162E-34,1.,-5.99534287967969E-29));
#3378=DIRECTION('center_axis',(-1.,5.69576980192162E-34,-5.70545630296328E-51));
#3379=DIRECTION('ref_axis',(5.44384148409142E-34,0.955769224074821,0.294117647058816));
#3380=DIRECTION('center_axis',(-1.,0.,0.));
#3381=DIRECTION('ref_axis',(5.44384148409142E-34,0.955769224074821,0.294117647058816));
#3382=DIRECTION('center_axis',(5.69576980192162E-34,1.,-5.99534287967969E-29));
#3383=DIRECTION('ref_axis',(-0.707106781186548,-9.88390879888447E-16,-0.707106781186548));
#3384=DIRECTION('',(-5.69576980192162E-34,-1.,5.99534287967969E-29));
#3385=DIRECTION('center_axis',(-1.,-3.06161699786838E-16,0.));
#3386=DIRECTION('ref_axis',(0.,0.,1.));
#3387=DIRECTION('center_axis',(1.,3.06161699786838E-16,0.));
#3388=DIRECTION('ref_axis',(3.06161699786838E-16,-1.,0.));
#3389=DIRECTION('center_axis',(-1.77635683940025E-16,1.22464679914735E-16,
1.));
#3390=DIRECTION('ref_axis',(-1.,-2.17540971751503E-32,-1.77635683940025E-16));
#3391=DIRECTION('',(-1.,-3.06161699786838E-16,0.));
#3392=DIRECTION('',(1.,3.06161699786838E-16,0.));
#3393=DIRECTION('center_axis',(1.,3.06161699786838E-16,0.));
#3394=DIRECTION('ref_axis',(6.12323399573676E-16,-1.,-1.22464679914735E-16));
#3395=DIRECTION('center_axis',(1.,3.06161699786838E-16,0.));
#3396=DIRECTION('ref_axis',(0.,-1.,0.));
#3397=DIRECTION('',(-1.,-3.06161699786838E-16,0.));
#3398=DIRECTION('center_axis',(-1.,-3.06161699786838E-16,0.));
#3399=DIRECTION('ref_axis',(1.43597965386747E-16,-1.,0.));
#3400=DIRECTION('center_axis',(-1.77635683940025E-16,0.,-1.));
#3401=DIRECTION('ref_axis',(-1.,0.,1.77635683940025E-16));
#3402=DIRECTION('',(1.,3.06161699786838E-16,0.));
#3403=DIRECTION('center_axis',(1.,3.06161699786838E-16,0.));
#3404=DIRECTION('ref_axis',(0.,1.,0.));
#3405=DIRECTION('center_axis',(1.,3.06161699786838E-16,0.));
#3406=DIRECTION('ref_axis',(0.,-1.,0.));
#3407=DIRECTION('center_axis',(-1.,-3.06161699786838E-16,0.));
#3408=DIRECTION('ref_axis',(-4.68725434186929E-16,1.,-1.45473230946492E-15));
#3409=DIRECTION('center_axis',(1.,3.06161699786837E-16,0.));
#3410=DIRECTION('ref_axis',(1.46895765049241E-16,-1.,0.));
#3411=DIRECTION('center_axis',(-1.,-3.06161699786838E-16,0.));
#3412=DIRECTION('ref_axis',(0.,-1.,0.));
#3413=DIRECTION('center_axis',(-1.,-3.06161699786838E-16,0.));
#3414=DIRECTION('ref_axis',(0.,-1.,0.));
#3415=DIRECTION('center_axis',(-1.,-3.06161699786838E-16,0.));
#3416=DIRECTION('ref_axis',(0.,-1.,0.));
#3417=DIRECTION('',(-0.70710678118655,-0.707106781186545,-8.6595605623549E-17));
#3418=DIRECTION('center_axis',(1.,3.06161699786838E-16,0.));
#3419=DIRECTION('ref_axis',(0.,1.,0.));
#3420=DIRECTION('',(-1.,-3.06161699786838E-16,0.));
#3421=DIRECTION('axis',(0.,0.,1.));
#3422=DIRECTION('refdir',(1.,0.,0.));
#3423=DIRECTION('center_axis',(1.,0.,0.));
#3424=DIRECTION('ref_axis',(0.,0.707106781186548,-0.707106781186548));
#3425=DIRECTION('',(-1.,0.,0.));
#3426=DIRECTION('center_axis',(-1.,-1.22464679914735E-16,0.));
#3427=DIRECTION('ref_axis',(0.,0.707106781186548,-0.707106781186548));
#3428=DIRECTION('',(1.,0.,0.));
#3429=DIRECTION('center_axis',(1.,1.22464679914735E-16,0.));
#3430=DIRECTION('ref_axis',(0.,0.707106781186548,-0.707106781186548));
#3431=DIRECTION('center_axis',(0.,-6.12323399573677E-17,-1.));
#3432=DIRECTION('ref_axis',(0.,1.,-6.12323399573677E-17));
#3433=DIRECTION('',(-1.22464679914735E-16,1.,-6.12323399573677E-17));
#3434=DIRECTION('',(-1.,0.,0.));
#3435=DIRECTION('',(1.22464679914735E-16,-1.,6.12323399573677E-17));
#3436=DIRECTION('center_axis',(-1.,0.,0.));
#3437=DIRECTION('ref_axis',(0.,-0.707106781186548,-0.707106781186548));
#3438=DIRECTION('center_axis',(1.,1.22464679914735E-16,0.));
#3439=DIRECTION('ref_axis',(0.,-0.707106781186548,-0.707106781186548));
#3440=DIRECTION('center_axis',(-1.,-1.22464679914735E-16,0.));
#3441=DIRECTION('ref_axis',(0.,-0.707106781186548,-0.707106781186548));
#3442=DIRECTION('',(1.,0.,0.));
#3443=DIRECTION('center_axis',(-1.,0.,0.));
#3444=DIRECTION('ref_axis',(0.,-0.707106781186548,0.707106781186548));
#3445=DIRECTION('center_axis',(1.,1.22464679914735E-16,0.));
#3446=DIRECTION('ref_axis',(0.,-0.707106781186548,0.707106781186548));
#3447=DIRECTION('',(-1.,0.,0.));
#3448=DIRECTION('center_axis',(-1.,-1.22464679914735E-16,0.));
#3449=DIRECTION('ref_axis',(0.,-0.707106781186548,0.707106781186548));
#3450=DIRECTION('',(1.,0.,0.));
#3451=DIRECTION('center_axis',(0.,-1.,0.));
#3452=DIRECTION('ref_axis',(0.,0.,-1.));
#3453=DIRECTION('',(0.,0.,1.));
#3454=DIRECTION('',(1.,0.,0.));
#3455=DIRECTION('',(0.,0.,-1.));
#3456=DIRECTION('center_axis',(1.,0.,0.));
#3457=DIRECTION('ref_axis',(0.,-0.707106781186548,-0.707106781186548));
#3458=DIRECTION('',(-1.,0.,0.));
#3459=DIRECTION('center_axis',(-1.,-1.22464679914735E-16,0.));
#3460=DIRECTION('ref_axis',(0.,-0.707106781186548,-0.707106781186548));
#3461=DIRECTION('center_axis',(1.,1.22464679914735E-16,0.));
#3462=DIRECTION('ref_axis',(0.,-0.707106781186548,-0.707106781186548));
#3463=DIRECTION('center_axis',(1.,0.,0.));
#3464=DIRECTION('ref_axis',(0.,-0.707106781186548,0.707106781186548));
#3465=DIRECTION('',(-1.,0.,0.));
#3466=DIRECTION('center_axis',(-1.,-1.22464679914735E-16,0.));
#3467=DIRECTION('ref_axis',(0.,-0.707106781186548,0.707106781186548));
#3468=DIRECTION('',(1.,0.,0.));
#3469=DIRECTION('center_axis',(1.,1.22464679914735E-16,0.));
#3470=DIRECTION('ref_axis',(0.,-0.707106781186548,0.707106781186548));
#3471=DIRECTION('center_axis',(0.,1.83697019872103E-16,1.));
#3472=DIRECTION('ref_axis',(0.,-1.,1.83697019872103E-16));
#3473=DIRECTION('',(1.22464679914735E-16,-1.,1.83697019872103E-16));
#3474=DIRECTION('',(-1.,0.,0.));
#3475=DIRECTION('',(-1.22464679914735E-16,1.,-1.83697019872103E-16));
#3476=DIRECTION('center_axis',(-1.,0.,0.));
#3477=DIRECTION('ref_axis',(0.,0.707106781186548,0.707106781186548));
#3478=DIRECTION('center_axis',(1.,1.22464679914735E-16,0.));
#3479=DIRECTION('ref_axis',(0.,0.707106781186548,0.707106781186548));
#3480=DIRECTION('center_axis',(-1.,-1.22464679914735E-16,0.));
#3481=DIRECTION('ref_axis',(0.,0.707106781186548,0.707106781186548));
#3482=DIRECTION('',(1.,0.,0.));
#3483=DIRECTION('center_axis',(-1.,0.,0.));
#3484=DIRECTION('ref_axis',(0.,0.707106781186548,-0.707106781186548));
#3485=DIRECTION('center_axis',(1.,1.22464679914735E-16,0.));
#3486=DIRECTION('ref_axis',(0.,0.707106781186548,-0.707106781186548));
#3487=DIRECTION('',(-1.,0.,0.));
#3488=DIRECTION('center_axis',(-1.,-1.22464679914735E-16,0.));
#3489=DIRECTION('ref_axis',(0.,0.707106781186548,-0.707106781186548));
#3490=DIRECTION('',(1.,0.,0.));
#3491=DIRECTION('center_axis',(0.,1.,-1.22464679914735E-16));
#3492=DIRECTION('ref_axis',(0.,1.22464679914735E-16,1.));
#3493=DIRECTION('',(1.49975978266186E-32,-1.22464679914735E-16,-1.));
#3494=DIRECTION('',(1.,0.,0.));
#3495=DIRECTION('',(-1.49975978266186E-32,1.22464679914735E-16,1.));
#3496=DIRECTION('center_axis',(1.,0.,0.));
#3497=DIRECTION('ref_axis',(0.,0.707106781186548,0.707106781186548));
#3498=DIRECTION('',(-1.,0.,0.));
#3499=DIRECTION('center_axis',(-1.,-1.22464679914735E-16,0.));
#3500=DIRECTION('ref_axis',(0.,0.707106781186548,0.707106781186548));
#3501=DIRECTION('center_axis',(1.,1.22464679914735E-16,0.));
#3502=DIRECTION('ref_axis',(0.,0.707106781186548,0.707106781186548));
#3503=DIRECTION('center_axis',(1.,1.22464679914735E-16,-1.49975978266186E-32));
#3504=DIRECTION('ref_axis',(0.,-0.759554525312748,-0.650443635587993));
#3505=DIRECTION('',(-1.,-1.22464679914735E-16,0.));
#3506=DIRECTION('center_axis',(1.,1.22464679914735E-16,0.));
#3507=DIRECTION('ref_axis',(0.,-0.759554525312748,-0.650443635587993));
#3508=DIRECTION('',(1.,1.22464679914735E-16,-1.49975978266186E-32));
#3509=DIRECTION('center_axis',(0.,-1.22464679914735E-16,-1.));
#3510=DIRECTION('ref_axis',(1.,0.,0.));
#3511=DIRECTION('',(1.22464679914735E-16,-1.,1.22464679914735E-16));
#3512=DIRECTION('center_axis',(-1.,-1.22464679914735E-16,0.));
#3513=DIRECTION('ref_axis',(0.,0.,1.));
#3514=DIRECTION('center_axis',(1.,1.22464679914735E-16,0.));
#3515=DIRECTION('ref_axis',(0.,1.,0.));
#3516=DIRECTION('center_axis',(1.,1.22464679914735E-16,0.));
#3517=DIRECTION('ref_axis',(0.,0.650443635587988,0.759554525312752));
#3518=DIRECTION('',(7.49879891330929E-33,-6.12323399573677E-17,-1.));
#3519=DIRECTION('',(-7.49879891330929E-33,6.12323399573677E-17,1.));
#3520=DIRECTION('center_axis',(1.,1.22464679914735E-16,0.));
#3521=DIRECTION('ref_axis',(0.,-0.650443635587988,0.759554525312752));
#3522=DIRECTION('center_axis',(1.,1.22464679914735E-16,0.));
#3523=DIRECTION('ref_axis',(0.,1.,0.));
#3524=DIRECTION('center_axis',(1.,1.22464679914735E-16,0.));
#3525=DIRECTION('ref_axis',(0.,0.759554525312753,-0.650443635587988));
#3526=DIRECTION('',(1.22464679914735E-16,-1.,0.));
#3527=DIRECTION('',(-1.22464679914735E-16,1.,0.));
#3528=DIRECTION('center_axis',(1.,1.22464679914735E-16,0.));
#3529=DIRECTION('ref_axis',(0.,0.759554525312753,0.650443635587988));
#3530=DIRECTION('center_axis',(1.,1.22464679914735E-16,0.));
#3531=DIRECTION('ref_axis',(0.,1.,0.));
#3532=DIRECTION('center_axis',(1.,1.22464679914735E-16,0.));
#3533=DIRECTION('ref_axis',(0.,-0.650443635587989,-0.759554525312752));
#3534=DIRECTION('',(-2.24963967399279E-32,1.83697019872103E-16,1.));
#3535=DIRECTION('',(2.24963967399279E-32,-1.83697019872103E-16,-1.));
#3536=DIRECTION('center_axis',(1.,1.22464679914735E-16,0.));
#3537=DIRECTION('ref_axis',(0.,0.650443635587993,-0.759554525312749));
#3538=DIRECTION('center_axis',(1.,1.22464679914735E-16,0.));
#3539=DIRECTION('ref_axis',(0.,1.,0.));
#3540=DIRECTION('center_axis',(1.,1.22464679914735E-16,0.));
#3541=DIRECTION('ref_axis',(0.,-0.759554525312755,0.650443635587985));
#3542=DIRECTION('',(-1.22464679914735E-16,1.,-1.22464679914735E-16));
#3543=DIRECTION('center_axis',(-1.,-1.22464679914735E-16,0.));
#3544=DIRECTION('ref_axis',(-1.22464679914735E-16,1.,0.));
#3545=DIRECTION('center_axis',(-1.,-1.22464679914735E-16,1.49975978266186E-32));
#3546=DIRECTION('ref_axis',(0.,-0.759554525312755,0.650443635587985));
#3547=DIRECTION('',(1.,1.22464679914735E-16,0.));
#3548=DIRECTION('',(-1.,-1.22464679914735E-16,1.49975978266186E-32));
#3549=DIRECTION('center_axis',(1.,1.22464679914735E-16,0.));
#3550=DIRECTION('ref_axis',(0.,1.,0.));
#3551=DIRECTION('',(-1.,-1.22464679914735E-16,0.));
#3552=DIRECTION('center_axis',(1.,1.22464679914735E-16,0.));
#3553=DIRECTION('ref_axis',(0.,1.,0.));
#3554=DIRECTION('center_axis',(1.,3.50268422189452E-33,1.90677248021401E-17));
#3555=DIRECTION('ref_axis',(0.,0.650443635587993,-0.759554525312749));
#3556=DIRECTION('',(1.,3.50268422189452E-33,1.90677248021401E-17));
#3557=DIRECTION('center_axis',(0.,1.,-1.83697019872103E-16));
#3558=DIRECTION('ref_axis',(1.,0.,0.));
#3559=DIRECTION('center_axis',(-1.,3.50268422189451E-33,1.906772480214E-17));
#3560=DIRECTION('ref_axis',(0.,-0.650443635587989,-0.759554525312752));
#3561=DIRECTION('',(1.,1.22464679914735E-16,0.));
#3562=DIRECTION('',(-1.,3.50268422189451E-33,1.906772480214E-17));
#3563=DIRECTION('center_axis',(1.,1.22464679914735E-16,0.));
#3564=DIRECTION('ref_axis',(0.,1.,0.));
#3565=DIRECTION('',(-1.,-1.22464679914735E-16,0.));
#3566=DIRECTION('center_axis',(1.,1.22464679914735E-16,0.));
#3567=DIRECTION('ref_axis',(0.,1.,0.));
#3568=DIRECTION('center_axis',(1.,1.22464679914735E-16,0.));
#3569=DIRECTION('ref_axis',(0.,0.759554525312753,0.650443635587988));
#3570=DIRECTION('',(1.,1.22464679914735E-16,0.));
#3571=DIRECTION('center_axis',(0.,0.,1.));
#3572=DIRECTION('ref_axis',(1.,0.,0.));
#3573=DIRECTION('center_axis',(-1.,-1.22464679914735E-16,0.));
#3574=DIRECTION('ref_axis',(0.,0.759554525312753,-0.650443635587988));
#3575=DIRECTION('',(1.,1.22464679914735E-16,0.));
#3576=DIRECTION('',(-1.,-1.22464679914735E-16,0.));
#3577=DIRECTION('center_axis',(1.,1.22464679914735E-16,0.));
#3578=DIRECTION('ref_axis',(0.,1.,0.));
#3579=DIRECTION('',(-1.,-1.22464679914735E-16,0.));
#3580=DIRECTION('center_axis',(1.,1.22464679914735E-16,0.));
#3581=DIRECTION('ref_axis',(0.,1.,0.));
#3582=DIRECTION('center_axis',(-1.,1.16756140729817E-33,1.906772480214E-17));
#3583=DIRECTION('ref_axis',(0.,0.650443635587988,0.759554525312752));
#3584=DIRECTION('',(1.,1.22464679914735E-16,0.));
#3585=DIRECTION('',(-1.,1.16756140729817E-33,1.906772480214E-17));
#3586=DIRECTION('center_axis',(1.,1.22464679914735E-16,0.));
#3587=DIRECTION('ref_axis',(0.,1.,0.));
#3588=DIRECTION('center_axis',(1.,1.22464679914735E-16,0.));
#3589=DIRECTION('ref_axis',(0.,1.,0.));
#3590=DIRECTION('center_axis',(1.,1.16756140729817E-33,1.90677248021401E-17));
#3591=DIRECTION('ref_axis',(0.,-0.650443635587988,0.759554525312752));
#3592=DIRECTION('',(1.,1.16756140729817E-33,1.90677248021401E-17));
#3593=DIRECTION('center_axis',(0.,1.,-1.83697019872103E-16));
#3594=DIRECTION('ref_axis',(1.,0.,0.));
#3595=DIRECTION('center_axis',(0.,-1.22464679914735E-16,-1.));
#3596=DIRECTION('ref_axis',(1.,0.,0.));
#3597=DIRECTION('center_axis',(0.,-1.,6.12323399573677E-17));
#3598=DIRECTION('ref_axis',(1.,0.,0.));
#3599=DIRECTION('center_axis',(0.,-1.,6.12323399573677E-17));
#3600=DIRECTION('ref_axis',(1.,0.,0.));
#3601=DIRECTION('center_axis',(-1.,-1.22464679914735E-16,0.));
#3602=DIRECTION('ref_axis',(0.,1.,0.));
#3603=DIRECTION('center_axis',(1.,1.22464679914735E-16,0.));
#3604=DIRECTION('ref_axis',(0.,1.,0.));
#3605=DIRECTION('center_axis',(-1.,-1.22464679914735E-16,0.));
#3606=DIRECTION('ref_axis',(0.,1.,0.));
#3607=DIRECTION('center_axis',(1.,1.22464679914735E-16,0.));
#3608=DIRECTION('ref_axis',(0.,1.,0.));
#3609=DIRECTION('center_axis',(-1.,-1.22464679914735E-16,0.));
#3610=DIRECTION('ref_axis',(0.,1.,0.));
#3611=DIRECTION('center_axis',(1.,1.22464679914735E-16,0.));
#3612=DIRECTION('ref_axis',(0.,1.,0.));
#3613=DIRECTION('center_axis',(-1.,-1.22464679914735E-16,0.));
#3614=DIRECTION('ref_axis',(0.,1.,0.));
#3615=DIRECTION('center_axis',(1.,1.22464679914735E-16,0.));
#3616=DIRECTION('ref_axis',(0.,1.,0.));
#3617=DIRECTION('center_axis',(1.,1.22464679914735E-16,0.));
#3618=DIRECTION('ref_axis',(0.,0.,-1.));
#3619=DIRECTION('center_axis',(1.,1.22464679914735E-16,0.));
#3620=DIRECTION('ref_axis',(1.22464679914735E-16,-1.,0.));
#3621=DIRECTION('center_axis',(0.,0.,1.));
#3622=DIRECTION('ref_axis',(1.,0.,0.));
#3623=DIRECTION('center_axis',(-1.,-1.22464679914735E-16,0.));
#3624=DIRECTION('ref_axis',(-1.22464679914735E-16,1.,0.));
#3625=DIRECTION('',(0.707106781186545,0.70710678118655,-8.65956056235496E-17));
#3626=DIRECTION('center_axis',(1.,1.22464679914735E-16,0.));
#3627=DIRECTION('ref_axis',(-1.22464679914735E-16,1.,0.));
#3628=DIRECTION('center_axis',(1.,1.22464679914735E-16,0.));
#3629=DIRECTION('ref_axis',(-1.22464679914735E-16,1.,0.));
#3630=DIRECTION('center_axis',(-1.,-1.22464679914735E-16,0.));
#3631=DIRECTION('ref_axis',(1.22464679914735E-16,-1.,0.));
#3632=DIRECTION('center_axis',(-1.,-1.22464679914735E-16,0.));
#3633=DIRECTION('ref_axis',(1.22464679914735E-16,-1.,0.));
#3634=DIRECTION('',(-1.,-1.22464679914735E-16,0.));
#3635=DIRECTION('center_axis',(1.,1.22464679914735E-16,0.));
#3636=DIRECTION('ref_axis',(1.22464679914735E-16,-1.,0.));
#3637=DIRECTION('',(-0.707106781186545,-0.70710678118655,-8.65956056235496E-17));
#3638=DIRECTION('axis',(0.,0.,1.));
#3639=DIRECTION('refdir',(1.,0.,0.));
#3640=DIRECTION('center_axis',(0.,0.,-1.));
#3641=DIRECTION('ref_axis',(1.,0.,0.));
#3642=DIRECTION('center_axis',(0.,0.,-1.));
#3643=DIRECTION('ref_axis',(-0.535594238497597,-0.844475465415177,0.));
#3644=DIRECTION('center_axis',(0.,0.,1.));
#3645=DIRECTION('ref_axis',(1.,0.,0.));
#3646=DIRECTION('center_axis',(0.,0.,-1.));
#3647=DIRECTION('ref_axis',(1.,0.,0.));
#3648=DIRECTION('center_axis',(0.,0.,1.));
#3649=DIRECTION('ref_axis',(1.,0.,0.));
#3650=DIRECTION('center_axis',(0.,0.,-1.));
#3651=DIRECTION('ref_axis',(0.463540086673431,-0.886075949367089,0.));
#3652=DIRECTION('center_axis',(0.,0.,-1.));
#3653=DIRECTION('ref_axis',(-1.,-1.22464679914735E-16,0.));
#3654=DIRECTION('center_axis',(0.,0.,1.));
#3655=DIRECTION('ref_axis',(1.,0.,0.));
#3656=DIRECTION('center_axis',(0.,0.,-1.));
#3657=DIRECTION('ref_axis',(0.999134325171029,-0.0416004839519119,0.));
#3658=DIRECTION('center_axis',(0.,0.,-1.));
#3659=DIRECTION('ref_axis',(1.,0.,0.));
#3660=DIRECTION('center_axis',(0.,0.,-1.));
#3661=DIRECTION('ref_axis',(-0.999134325171029,0.0416004839519118,0.));
#3662=DIRECTION('center_axis',(0.,0.,1.));
#3663=DIRECTION('ref_axis',(1.,0.,0.));
#3664=DIRECTION('center_axis',(0.,0.,-1.));
#3665=DIRECTION('ref_axis',(1.,0.,0.));
#3666=DIRECTION('center_axis',(0.,0.,1.));
#3667=DIRECTION('ref_axis',(1.,0.,0.));
#3668=DIRECTION('center_axis',(0.,0.,-1.));
#3669=DIRECTION('ref_axis',(0.535594238497597,0.844475465415177,0.));
#3670=DIRECTION('center_axis',(0.,0.,-1.));
#3671=DIRECTION('ref_axis',(1.,0.,0.));
#3672=DIRECTION('center_axis',(0.,0.,-1.));
#3673=DIRECTION('ref_axis',(-0.463540086673431,0.886075949367089,0.));
#3674=DIRECTION('center_axis',(0.,0.,1.));
#3675=DIRECTION('ref_axis',(1.,0.,0.));
#3676=DIRECTION('center_axis',(0.,0.,1.));
#3677=DIRECTION('ref_axis',(1.,0.,0.));
#3678=DIRECTION('center_axis',(0.,0.,1.));
#3679=DIRECTION('ref_axis',(-0.999134325171029,0.0416004839519118,0.));
#3680=DIRECTION('center_axis',(0.,0.,-1.));
#3681=DIRECTION('ref_axis',(1.,0.,0.));
#3682=DIRECTION('center_axis',(0.,0.,1.));
#3683=DIRECTION('ref_axis',(1.,0.,0.));
#3684=DIRECTION('center_axis',(0.,0.,1.));
#3685=DIRECTION('ref_axis',(-0.535594238497597,-0.844475465415177,0.));
#3686=DIRECTION('center_axis',(0.,0.,-1.));
#3687=DIRECTION('ref_axis',(1.,0.,0.));
#3688=DIRECTION('center_axis',(0.,0.,1.));
#3689=DIRECTION('ref_axis',(1.,0.,0.));
#3690=DIRECTION('center_axis',(0.,0.,-1.));
#3691=DIRECTION('ref_axis',(1.,0.,0.));
#3692=DIRECTION('center_axis',(0.,0.,1.));
#3693=DIRECTION('ref_axis',(-0.463540086673431,0.886075949367089,0.));
#3694=DIRECTION('center_axis',(0.,0.,1.));
#3695=DIRECTION('ref_axis',(1.,0.,0.));
#3696=DIRECTION('center_axis',(0.,0.,-1.));
#3697=DIRECTION('ref_axis',(1.,0.,0.));
#3698=DIRECTION('center_axis',(0.,0.,1.));
#3699=DIRECTION('ref_axis',(0.535594238497597,0.844475465415177,0.));
#3700=DIRECTION('center_axis',(0.,0.,1.));
#3701=DIRECTION('ref_axis',(1.,0.,0.));
#3702=DIRECTION('center_axis',(0.,0.,-1.));
#3703=DIRECTION('ref_axis',(1.,0.,0.));
#3704=DIRECTION('center_axis',(0.,0.,1.));
#3705=DIRECTION('ref_axis',(0.463540086673431,-0.886075949367089,0.));
#3706=DIRECTION('center_axis',(0.,0.,1.));
#3707=DIRECTION('ref_axis',(-1.,1.22464679914735E-16,0.));
#3708=DIRECTION('center_axis',(0.,0.,-1.));
#3709=DIRECTION('ref_axis',(1.,0.,0.));
#3710=DIRECTION('center_axis',(0.,0.,1.));
#3711=DIRECTION('ref_axis',(0.999134325171029,-0.0416004839519119,0.));
#3712=DIRECTION('center_axis',(0.,0.,1.));
#3713=DIRECTION('ref_axis',(0.999134325171029,-0.0416004839519119,0.));
#3714=DIRECTION('',(0.,0.,1.));
#3715=DIRECTION('',(0.,0.,1.));
#3716=DIRECTION('center_axis',(0.,0.,1.));
#3717=DIRECTION('ref_axis',(0.463540086673431,-0.886075949367089,0.));
#3718=DIRECTION('',(0.,0.,1.));
#3719=DIRECTION('',(0.,0.,1.));
#3720=DIRECTION('center_axis',(-0.866025403784439,0.5,0.));
#3721=DIRECTION('ref_axis',(0.,0.,1.));
#3722=DIRECTION('center_axis',(0.,0.,1.));
#3723=DIRECTION('ref_axis',(0.535594238497597,0.844475465415177,0.));
#3724=DIRECTION('',(0.,0.,1.));
#3725=DIRECTION('',(0.,0.,1.));
#3726=DIRECTION('center_axis',(4.54765070334062E-16,1.,0.));
#3727=DIRECTION('ref_axis',(0.,0.,1.));
#3728=DIRECTION('',(0.,0.,1.));
#3729=DIRECTION('center_axis',(-3.03176713556042E-16,-1.,0.));
#3730=DIRECTION('ref_axis',(0.,0.,-1.));
#3731=DIRECTION('',(0.,0.,1.));
#3732=DIRECTION('center_axis',(0.,0.,-1.));
#3733=DIRECTION('ref_axis',(1.,0.,0.));
#3734=DIRECTION('center_axis',(0.,0.,-1.));
#3735=DIRECTION('ref_axis',(1.,0.,0.));
#3736=DIRECTION('',(0.866025403784439,-1.06057523872491E-16,0.499999999999999));
#3737=DIRECTION('center_axis',(0.,0.,1.));
#3738=DIRECTION('ref_axis',(1.,0.,0.));
#3739=DIRECTION('center_axis',(0.,0.,1.));
#3740=DIRECTION('ref_axis',(1.,0.,0.));
#3741=DIRECTION('center_axis',(0.,0.,-1.));
#3742=DIRECTION('ref_axis',(-1.,0.,0.));
#3743=DIRECTION('center_axis',(0.,0.,-1.));
#3744=DIRECTION('ref_axis',(-1.,0.,0.));
#3745=DIRECTION('',(0.,0.,-1.));
#3746=DIRECTION('center_axis',(0.,0.,1.));
#3747=DIRECTION('ref_axis',(1.,0.,0.));
#3748=DIRECTION('center_axis',(0.,0.,1.));
#3749=DIRECTION('ref_axis',(-1.,0.,0.));
#3750=DIRECTION('center_axis',(0.,0.,1.));
#3751=DIRECTION('ref_axis',(-1.,0.,0.));
#3752=DIRECTION('',(-0.866025403784439,-1.06057523872491E-16,-0.499999999999999));
#3753=DIRECTION('center_axis',(0.,0.,1.));
#3754=DIRECTION('ref_axis',(1.,0.,0.));
#3755=DIRECTION('center_axis',(0.,0.,1.));
#3756=DIRECTION('ref_axis',(-0.999134325171029,0.0416004839519118,0.));
#3757=DIRECTION('',(0.,0.,1.));
#3758=DIRECTION('',(0.,0.,1.));
#3759=DIRECTION('center_axis',(0.866025403784439,-0.5,0.));
#3760=DIRECTION('ref_axis',(0.,0.,-1.));
#3761=DIRECTION('',(0.,0.,1.));
#3762=DIRECTION('center_axis',(0.,0.,1.));
#3763=DIRECTION('ref_axis',(-0.463540086673431,0.886075949367089,0.));
#3764=DIRECTION('center_axis',(-0.866025403784439,-0.5,0.));
#3765=DIRECTION('ref_axis',(0.,0.,1.));
#3766=DIRECTION('center_axis',(0.,0.,1.));
#3767=DIRECTION('ref_axis',(-0.535594238497597,-0.844475465415177,0.));
#3768=DIRECTION('',(0.,0.,1.));
#3769=DIRECTION('center_axis',(0.866025403784439,0.5,0.));
#3770=DIRECTION('ref_axis',(0.,0.,-1.));
#3771=DIRECTION('',(0.,0.,1.));
#3772=DIRECTION('',(1.,0.,0.));
#3773=DIRECTION('',(1.85189090179897E-80,-6.12323399573677E-17,1.));
#3774=DIRECTION('',(1.,-4.07824000642604E-65,-2.10161108030018E-80));
#3775=DIRECTION('',(-1.,0.,1.77635683940025E-16));
#3776=DIRECTION('',(1.53837014910685E-16,0.5,0.866025403784439));
#3777=CARTESIAN_POINT('',(0.,0.,0.));
#3778=CARTESIAN_POINT('',(0.,0.,0.));
#3779=CARTESIAN_POINT('Origin',(-18.15,-1.20446484990249E-15,-1.22678415315244E-47));
#3780=CARTESIAN_POINT('',(-16.5,2.80189667903725,-1.00000000000003));
#3781=CARTESIAN_POINT('',(-16.5,-2.975,2.36115910339234E-14));
#3782=CARTESIAN_POINT('Origin',(-16.5,-1.20446484990249E-15,-1.98324178585801E-47));
#3783=CARTESIAN_POINT('',(-18.7,-2.975,2.36115910339234E-14));
#3784=CARTESIAN_POINT('',(-18.15,-2.975,2.36115910339234E-14));
#3785=CARTESIAN_POINT('',(-18.7,0.,2.975));
#3786=CARTESIAN_POINT('Origin',(-18.7,-1.20446484990249E-15,-9.74631608917251E-48));
#3787=CARTESIAN_POINT('Origin',(-18.7,-1.20446484990249E-15,-9.74631608917251E-48));
#3788=CARTESIAN_POINT('',(-16.5,2.80189667903726,0.999999999999975));
#3789=CARTESIAN_POINT('Origin',(-16.5,-1.20446484990249E-15,-1.98324178585801E-47));
#3790=CARTESIAN_POINT('',(-17.,2.93268221940258,0.499999999999975));
#3791=CARTESIAN_POINT('Ctrl Pts',(-16.5,2.80189667903726,0.999999999999975));
#3792=CARTESIAN_POINT('Ctrl Pts',(-16.5629632241479,2.80189667903726,0.999999999999975));
#3793=CARTESIAN_POINT('Ctrl Pts',(-16.6297970322575,2.80649760835377,0.987375372620864));
#3794=CARTESIAN_POINT('Ctrl Pts',(-16.752153200281,2.82377948908772,0.936807520460234));
#3795=CARTESIAN_POINT('Ctrl Pts',(-16.8077063803964,2.83631265257175,0.898888477688801));
#3796=CARTESIAN_POINT('Ctrl Pts',(-16.8964796151415,2.8626646165949,0.811128919079779));
#3797=CARTESIAN_POINT('Ctrl Pts',(-16.9353525497917,2.87833752552454,0.754879434873595));
#3798=CARTESIAN_POINT('Ctrl Pts',(-16.987121252441,2.90796859634036,0.63118025506359));
#3799=CARTESIAN_POINT('Ctrl Pts',(-17.,2.92182212735418,0.563698397702776));
#3800=CARTESIAN_POINT('Ctrl Pts',(-17.,2.93268221940258,0.499999999999975));
#3801=CARTESIAN_POINT('',(-17.,2.93268221940257,-0.500000000000025));
#3802=CARTESIAN_POINT('Origin',(-17.,-1.20446484990249E-15,-1.75401220018966E-47));
#3803=CARTESIAN_POINT('Ctrl Pts',(-17.,2.93268221940257,-0.500000000000026));
#3804=CARTESIAN_POINT('Ctrl Pts',(-17.,2.92182212735417,-0.563698397702826));
#3805=CARTESIAN_POINT('Ctrl Pts',(-16.987121252441,2.90796859634035,-0.631180255063641));
#3806=CARTESIAN_POINT('Ctrl Pts',(-16.9353525497917,2.87833752552453,-0.754879434873646));
#3807=CARTESIAN_POINT('Ctrl Pts',(-16.8964796151415,2.86266461659489,-0.81112891907983));
#3808=CARTESIAN_POINT('Ctrl Pts',(-16.8077063803964,2.83631265257173,-0.898888477688851));
#3809=CARTESIAN_POINT('Ctrl Pts',(-16.752153200281,2.82377948908771,-0.936807520460284));
#3810=CARTESIAN_POINT('Ctrl Pts',(-16.6297970322575,2.80649760835375,-0.987375372620915));
#3811=CARTESIAN_POINT('Ctrl Pts',(-16.5629632241479,2.80189667903724,-1.00000000000003));
#3812=CARTESIAN_POINT('Ctrl Pts',(-16.5,2.80189667903724,-1.00000000000003));
#3813=CARTESIAN_POINT('Origin',(-12.075,-3.69690252492607E-15,0.));
#3814=CARTESIAN_POINT('',(-11.65,-2.90473750965557,5.25));
#3815=CARTESIAN_POINT('',(-11.65,2.90473750965556,5.25));
#3816=CARTESIAN_POINT('Ctrl Pts',(-11.65,-2.90473750965558,5.25));
#3817=CARTESIAN_POINT('Ctrl Pts',(-13.05625,-6.01898227012963E-15,5.25));
#3818=CARTESIAN_POINT('Ctrl Pts',(-11.65,2.90473750965557,5.25));
#3819=CARTESIAN_POINT('',(-11.65,2.90473750965557,-5.25));
#3820=CARTESIAN_POINT('Origin',(-11.65,-3.56678380251666E-15,0.));
#3821=CARTESIAN_POINT('',(-12.4,-6.42939569552361E-16,-5.25));
#3822=CARTESIAN_POINT('Ctrl Pts',(-11.65,2.90473750965557,-5.25));
#3823=CARTESIAN_POINT('Ctrl Pts',(-12.4,1.3555441711726,-5.25));
#3824=CARTESIAN_POINT('Ctrl Pts',(-12.4,-9.06682136777211E-16,-5.25));
#3825=CARTESIAN_POINT('',(-11.65,-2.90473750965556,-5.25));
#3826=CARTESIAN_POINT('Ctrl Pts',(-12.4,-9.06682136777211E-16,-5.25));
#3827=CARTESIAN_POINT('Ctrl Pts',(-12.4,-1.3555441711726,-5.25));
#3828=CARTESIAN_POINT('Ctrl Pts',(-11.65,-2.90473750965558,-5.25));
#3829=CARTESIAN_POINT('',(-11.65,-6.00000000000001,-7.34788079488413E-16));
#3830=CARTESIAN_POINT('Origin',(-11.65,-3.56678380251666E-15,0.));
#3831=CARTESIAN_POINT('',(-12.5,-5.15,-6.30693101560887E-16));
#3832=CARTESIAN_POINT('',(-12.075,-5.575,-6.8274059052465E-16));
#3833=CARTESIAN_POINT('',(-12.5,5.15,0.));
#3834=CARTESIAN_POINT('Origin',(-12.5,-3.82702124733548E-15,0.));
#3835=CARTESIAN_POINT('Origin',(-12.5,-3.82702124733548E-15,0.));
#3836=CARTESIAN_POINT('Origin',(-11.65,-3.56678380251666E-15,0.));
#3837=CARTESIAN_POINT('Origin',(0.,3.,0.));
#3838=CARTESIAN_POINT('',(1.2490009027033E-15,0.726291952316689,5.25));
#3839=CARTESIAN_POINT('',(1.45716771982052E-15,0.726291952316691,-5.25));
#3840=CARTESIAN_POINT('Origin',(9.71445146547012E-16,4.62223186652937E-31,
0.));
#3841=CARTESIAN_POINT('',(1.45716771982052E-15,-0.726291952316692,5.25));
#3842=CARTESIAN_POINT('',(0.,1.5,5.25));
#3843=CARTESIAN_POINT('',(1.2490009027033E-15,-0.72629195231669,-5.25));
#3844=CARTESIAN_POINT('Origin',(9.71445146547012E-16,4.62223186652937E-31,
0.));
#3845=CARTESIAN_POINT('',(0.,1.5,-5.25));
#3846=CARTESIAN_POINT('Origin',(-22.8,-0.700000000000001,5.23296151869172E-15));
#3847=CARTESIAN_POINT('',(-22.75,-0.950000000000001,7.31013727851477E-15));
#3848=CARTESIAN_POINT('',(-22.75,-0.450000000000002,3.21944639126713E-15));
#3849=CARTESIAN_POINT('Origin',(-22.75,-0.700000000000001,5.23417566491226E-15));
#3850=CARTESIAN_POINT('Origin',(-22.75,-0.700000000000001,5.23417566491226E-15));
#3851=CARTESIAN_POINT('',(-22.85,-0.850000000000003,6.44058493665828E-15));
#3852=CARTESIAN_POINT('',(-22.8,-0.900000000000002,6.84474493760784E-15));
#3853=CARTESIAN_POINT('Origin',(-22.85,-0.700000000000001,5.23174737247119E-15));
#3854=CARTESIAN_POINT('Origin',(-22.85,-0.825,6.25442009428309E-15));
#3855=CARTESIAN_POINT('Origin',(-20.85,-0.700000000000001,5.28031322129272E-15));
#3856=CARTESIAN_POINT('',(-18.85,-0.950000000000001,7.37422451373808E-15));
#3857=CARTESIAN_POINT('',(-18.85,-0.700000000000003,-0.249999999999995));
#3858=CARTESIAN_POINT('Origin',(-18.85,-0.700000000000001,5.32887907011426E-15));
#3859=CARTESIAN_POINT('',(-18.85,-0.450000000000002,3.31414979646912E-15));
#3860=CARTESIAN_POINT('Origin',(-18.85,-0.700000000000001,5.32887907011426E-15));
#3861=CARTESIAN_POINT('',(-20.85,-0.450000000000002,3.26558394764759E-15));
#3862=CARTESIAN_POINT('Origin',(-18.85,-0.700000000000001,5.32887907011426E-15));
#3863=CARTESIAN_POINT('Origin',(-18.85,-0.700000000000001,5.32887907011426E-15));
#3864=CARTESIAN_POINT('',(-18.7085786437627,-0.700000000000004,-0.308578643762686));
#3865=CARTESIAN_POINT('Origin',(-18.85,-0.700000000000005,-0.449999999999995));
#3866=CARTESIAN_POINT('',(-18.7085786437627,-1.00857864376269,7.8569128862964E-15));
#3867=CARTESIAN_POINT('Origin',(-18.7085786437627,-0.700000000000001,5.33231319421784E-15));
#3868=CARTESIAN_POINT('',(-18.7085786437627,-0.39142135623731,2.8455034869762E-15));
#3869=CARTESIAN_POINT('Origin',(-18.7085786437627,-0.700000000000001,5.33231319421784E-15));
#3870=CARTESIAN_POINT('Origin',(-18.7085786437627,-0.700000000000001,5.33231319421784E-15));
#3871=CARTESIAN_POINT('Origin',(-18.655367965644,-0.700000000000001,5.33360530509244E-15));
#3872=CARTESIAN_POINT('',(-18.7,-0.382842712474662,2.69889609126828E-15));
#3873=CARTESIAN_POINT('Origin',(-18.7,-0.700000000000001,5.33252150877587E-15));
#3874=CARTESIAN_POINT('',(-18.655367965644,-0.338210678118655,2.41797515434615E-15));
#3875=CARTESIAN_POINT('Origin',(-22.8,1.82466207670978,-0.755799778921068));
#3876=CARTESIAN_POINT('',(-22.75,2.00143877200642,-0.932576474217706));
#3877=CARTESIAN_POINT('',(-22.75,1.64788538141315,-0.57902308362443));
#3878=CARTESIAN_POINT('Origin',(-22.75,1.82466207670978,-0.755799778921068));
#3879=CARTESIAN_POINT('Origin',(-22.75,1.82466207670978,-0.755799778921068));
#3880=CARTESIAN_POINT('',(-22.85,1.93072809388777,-0.861865796099052));
#3881=CARTESIAN_POINT('',(-22.8,1.96608343294709,-0.897221135158379));
#3882=CARTESIAN_POINT('Origin',(-22.85,1.82466207670978,-0.755799778921068));
#3883=CARTESIAN_POINT('Origin',(-22.85,1.9130504243581,-0.844188126569386));
#3884=CARTESIAN_POINT('Origin',(-20.85,1.82466207670978,-0.755799778921068));
#3885=CARTESIAN_POINT('',(-18.85,2.00143877200642,-0.932576474217706));
#3886=CARTESIAN_POINT('',(-18.85,2.00143877200642,-0.579023083624432));
#3887=CARTESIAN_POINT('Origin',(-18.85,1.82466207670978,-0.755799778921068));
#3888=CARTESIAN_POINT('',(-18.85,1.64788538141315,-0.57902308362443));
#3889=CARTESIAN_POINT('Origin',(-18.85,1.82466207670978,-0.755799778921068));
#3890=CARTESIAN_POINT('',(-20.85,1.64788538141315,-0.57902308362443));
#3891=CARTESIAN_POINT('Origin',(-18.85,1.82466207670978,-0.755799778921068));
#3892=CARTESIAN_POINT('Origin',(-18.85,1.82466207670978,-0.755799778921068));
#3893=CARTESIAN_POINT('',(-18.7085786437627,2.04286012824373,-0.537601727387122));
#3894=CARTESIAN_POINT('Origin',(-18.85,2.14286012824373,-0.437601727387124));
#3895=CARTESIAN_POINT('',(-18.7085786437627,2.04286012824373,-0.973997830455016));
#3896=CARTESIAN_POINT('Origin',(-18.7085786437627,1.82466207670978,-0.755799778921068));
#3897=CARTESIAN_POINT('',(-18.7085786437627,1.60646402517584,-0.537601727387119));
#3898=CARTESIAN_POINT('Origin',(-18.7085786437627,1.82466207670978,-0.755799778921068));
#3899=CARTESIAN_POINT('Origin',(-18.7085786437627,1.82466207670978,-0.755799778921068));
#3900=CARTESIAN_POINT('Origin',(-18.655367965644,1.82466207670978,-0.755799778921068));
#3901=CARTESIAN_POINT('',(-18.7,1.60039800799786,-0.531535710209137));
#3902=CARTESIAN_POINT('Origin',(-18.7,1.82466207670978,-0.755799778921068));
#3903=CARTESIAN_POINT('',(-18.655367965644,1.5688383938466,-0.499976096057883));
#3904=CARTESIAN_POINT('Origin',(-22.8,0.755799778921036,-1.8246620767098));
#3905=CARTESIAN_POINT('',(-22.75,0.755799778921034,-2.0746620767098));
#3906=CARTESIAN_POINT('',(-22.75,0.755799778921038,-1.5746620767098));
#3907=CARTESIAN_POINT('Origin',(-22.75,0.755799778921036,-1.8246620767098));
#3908=CARTESIAN_POINT('Origin',(-22.75,0.755799778921036,-1.8246620767098));
#3909=CARTESIAN_POINT('',(-22.85,0.755799778921035,-1.9746620767098));
#3910=CARTESIAN_POINT('',(-22.8,0.755799778921034,-2.0246620767098));
#3911=CARTESIAN_POINT('Origin',(-22.85,0.755799778921036,-1.8246620767098));
#3912=CARTESIAN_POINT('Origin',(-22.85,0.755799778921035,-1.9496620767098));
#3913=CARTESIAN_POINT('Origin',(-20.85,0.755799778921036,-1.8246620767098));
#3914=CARTESIAN_POINT('',(-18.85,0.755799778921034,-2.0746620767098));
#3915=CARTESIAN_POINT('',(-18.85,1.00579977892104,-1.8246620767098));
#3916=CARTESIAN_POINT('Origin',(-18.85,0.755799778921036,-1.8246620767098));
#3917=CARTESIAN_POINT('',(-18.85,0.755799778921038,-1.5746620767098));
#3918=CARTESIAN_POINT('Origin',(-18.85,0.755799778921036,-1.8246620767098));
#3919=CARTESIAN_POINT('',(-20.85,0.755799778921038,-1.5746620767098));
#3920=CARTESIAN_POINT('Origin',(-18.85,0.755799778921036,-1.8246620767098));
#3921=CARTESIAN_POINT('Origin',(-18.85,0.755799778921036,-1.8246620767098));
#3922=CARTESIAN_POINT('',(-18.7085786437627,1.06437842268373,-1.8246620767098));
#3923=CARTESIAN_POINT('Origin',(-18.85,1.20579977892104,-1.8246620767098));
#3924=CARTESIAN_POINT('',(-18.7085786437627,0.755799778921033,-2.13324072047249));
#3925=CARTESIAN_POINT('Origin',(-18.7085786437627,0.755799778921036,-1.8246620767098));
#3926=CARTESIAN_POINT('',(-18.7085786437627,0.755799778921038,-1.51608343294711));
#3927=CARTESIAN_POINT('Origin',(-18.7085786437627,0.755799778921036,-1.8246620767098));
#3928=CARTESIAN_POINT('Origin',(-18.7085786437627,0.755799778921036,-1.8246620767098));
#3929=CARTESIAN_POINT('Origin',(-18.655367965644,0.755799778921036,-1.8246620767098));
#3930=CARTESIAN_POINT('',(-18.7,0.755799778921039,-1.50750478918442));
#3931=CARTESIAN_POINT('Origin',(-18.7,0.755799778921036,-1.8246620767098));
#3932=CARTESIAN_POINT('',(-18.655367965644,0.755799778921039,-1.46287275482845));
#3933=CARTESIAN_POINT('Origin',(-22.8,-0.755799778921068,-1.82466207670979));
#3934=CARTESIAN_POINT('',(-22.75,-0.932576474217706,-2.00143877200642));
#3935=CARTESIAN_POINT('',(-22.75,-0.57902308362443,-1.64788538141315));
#3936=CARTESIAN_POINT('Origin',(-22.75,-0.755799778921068,-1.82466207670979));
#3937=CARTESIAN_POINT('Origin',(-22.75,-0.755799778921068,-1.82466207670979));
#3938=CARTESIAN_POINT('',(-22.85,-0.861865796099052,-1.93072809388777));
#3939=CARTESIAN_POINT('',(-22.8,-0.897221135158379,-1.96608343294709));
#3940=CARTESIAN_POINT('Origin',(-22.85,-0.755799778921068,-1.82466207670979));
#3941=CARTESIAN_POINT('Origin',(-22.85,-0.844188126569387,-1.9130504243581));
#3942=CARTESIAN_POINT('Origin',(-20.85,-0.755799778921068,-1.82466207670979));
#3943=CARTESIAN_POINT('',(-18.85,-0.932576474217707,-2.00143877200642));
#3944=CARTESIAN_POINT('',(-18.85,-0.579023083624433,-2.00143877200642));
#3945=CARTESIAN_POINT('Origin',(-18.85,-0.755799778921068,-1.82466207670979));
#3946=CARTESIAN_POINT('',(-18.85,-0.57902308362443,-1.64788538141315));
#3947=CARTESIAN_POINT('Origin',(-18.85,-0.755799778921068,-1.82466207670979));
#3948=CARTESIAN_POINT('',(-20.85,-0.57902308362443,-1.64788538141315));
#3949=CARTESIAN_POINT('Origin',(-18.85,-0.755799778921068,-1.82466207670979));
#3950=CARTESIAN_POINT('Origin',(-18.85,-0.755799778921068,-1.82466207670979));
#3951=CARTESIAN_POINT('',(-18.7085786437627,-0.537601727387123,-2.04286012824373));
#3952=CARTESIAN_POINT('Origin',(-18.85,-0.437601727387124,-2.14286012824373));
#3953=CARTESIAN_POINT('',(-18.7085786437627,-0.973997830455017,-2.04286012824373));
#3954=CARTESIAN_POINT('Origin',(-18.7085786437627,-0.755799778921068,-1.82466207670979));
#3955=CARTESIAN_POINT('',(-18.7085786437627,-0.53760172738712,-1.60646402517584));
#3956=CARTESIAN_POINT('Origin',(-18.7085786437627,-0.755799778921068,-1.82466207670979));
#3957=CARTESIAN_POINT('Origin',(-18.7085786437627,-0.755799778921068,-1.82466207670979));
#3958=CARTESIAN_POINT('Origin',(-18.655367965644,-0.755799778921068,-1.82466207670979));
#3959=CARTESIAN_POINT('',(-18.7,-0.531535710209138,-1.60039800799786));
#3960=CARTESIAN_POINT('Origin',(-18.7,-0.755799778921068,-1.82466207670979));
#3961=CARTESIAN_POINT('',(-18.655367965644,-0.499976096057884,-1.56883839384661));
#3962=CARTESIAN_POINT('Origin',(-22.8,-1.8246620767098,-0.755799778921037));
#3963=CARTESIAN_POINT('',(-22.75,-2.0746620767098,-0.755799778921035));
#3964=CARTESIAN_POINT('',(-22.75,-1.5746620767098,-0.755799778921039));
#3965=CARTESIAN_POINT('Origin',(-22.75,-1.8246620767098,-0.755799778921037));
#3966=CARTESIAN_POINT('Origin',(-22.75,-1.8246620767098,-0.755799778921037));
#3967=CARTESIAN_POINT('',(-22.85,-1.9746620767098,-0.755799778921036));
#3968=CARTESIAN_POINT('',(-22.8,-2.0246620767098,-0.755799778921036));
#3969=CARTESIAN_POINT('Origin',(-22.85,-1.8246620767098,-0.755799778921037));
#3970=CARTESIAN_POINT('Origin',(-22.85,-1.9496620767098,-0.755799778921036));
#3971=CARTESIAN_POINT('Origin',(-20.85,-1.8246620767098,-0.755799778921037));
#3972=CARTESIAN_POINT('',(-18.85,-2.0746620767098,-0.755799778921035));
#3973=CARTESIAN_POINT('',(-18.85,-1.8246620767098,-1.00579977892104));
#3974=CARTESIAN_POINT('Origin',(-18.85,-1.8246620767098,-0.755799778921037));
#3975=CARTESIAN_POINT('',(-18.85,-1.5746620767098,-0.755799778921039));
#3976=CARTESIAN_POINT('Origin',(-18.85,-1.8246620767098,-0.755799778921037));
#3977=CARTESIAN_POINT('',(-20.85,-1.5746620767098,-0.755799778921039));
#3978=CARTESIAN_POINT('Origin',(-18.85,-1.8246620767098,-0.755799778921037));
#3979=CARTESIAN_POINT('Origin',(-18.85,-1.8246620767098,-0.755799778921037));
#3980=CARTESIAN_POINT('',(-18.7085786437627,-1.8246620767098,-1.06437842268373));
#3981=CARTESIAN_POINT('Origin',(-18.85,-1.8246620767098,-1.20579977892104));
#3982=CARTESIAN_POINT('',(-18.7085786437627,-2.13324072047249,-0.755799778921035));
#3983=CARTESIAN_POINT('Origin',(-18.7085786437627,-1.8246620767098,-0.755799778921037));
#3984=CARTESIAN_POINT('',(-18.7085786437627,-1.51608343294711,-0.75579977892104));
#3985=CARTESIAN_POINT('Origin',(-18.7085786437627,-1.8246620767098,-0.755799778921037));
#3986=CARTESIAN_POINT('Origin',(-18.7085786437627,-1.8246620767098,-0.755799778921037));
#3987=CARTESIAN_POINT('Origin',(-18.655367965644,-1.8246620767098,-0.755799778921037));
#3988=CARTESIAN_POINT('',(-18.7,-1.50750478918442,-0.75579977892104));
#3989=CARTESIAN_POINT('Origin',(-18.7,-1.8246620767098,-0.755799778921037));
#3990=CARTESIAN_POINT('',(-18.655367965644,-1.46287275482845,-0.75579977892104));
#3991=CARTESIAN_POINT('Origin',(-22.8,-1.82466207670979,0.755799778921068));
#3992=CARTESIAN_POINT('',(-22.75,-2.00143877200642,0.932576474217706));
#3993=CARTESIAN_POINT('',(-22.75,-1.64788538141315,0.57902308362443));
#3994=CARTESIAN_POINT('Origin',(-22.75,-1.82466207670979,0.755799778921068));
#3995=CARTESIAN_POINT('Origin',(-22.75,-1.82466207670979,0.755799778921068));
#3996=CARTESIAN_POINT('',(-22.85,-1.93072809388777,0.861865796099052));
#3997=CARTESIAN_POINT('',(-22.8,-1.9660834329471,0.897221135158379));
#3998=CARTESIAN_POINT('Origin',(-22.85,-1.82466207670979,0.755799778921068));
#3999=CARTESIAN_POINT('Origin',(-22.85,-1.9130504243581,0.844188126569386));
#4000=CARTESIAN_POINT('Origin',(-20.85,-1.82466207670979,0.755799778921068));
#4001=CARTESIAN_POINT('',(-18.85,-2.00143877200642,0.932576474217706));
#4002=CARTESIAN_POINT('',(-18.85,-2.00143877200642,0.579023083624432));
#4003=CARTESIAN_POINT('Origin',(-18.85,-1.82466207670979,0.755799778921068));
#4004=CARTESIAN_POINT('',(-18.85,-1.64788538141315,0.57902308362443));
#4005=CARTESIAN_POINT('Origin',(-18.85,-1.82466207670979,0.755799778921068));
#4006=CARTESIAN_POINT('',(-20.85,-1.64788538141315,0.57902308362443));
#4007=CARTESIAN_POINT('Origin',(-18.85,-1.82466207670979,0.755799778921068));
#4008=CARTESIAN_POINT('Origin',(-18.85,-1.82466207670979,0.755799778921068));
#4009=CARTESIAN_POINT('',(-18.7085786437627,-2.04286012824374,0.537601727387122));
#4010=CARTESIAN_POINT('Origin',(-18.85,-2.14286012824374,0.437601727387124));
#4011=CARTESIAN_POINT('',(-18.7085786437627,-2.04286012824373,0.973997830455016));
#4012=CARTESIAN_POINT('Origin',(-18.7085786437627,-1.82466207670979,0.755799778921068));
#4013=CARTESIAN_POINT('',(-18.7085786437627,-1.60646402517584,0.537601727387119));
#4014=CARTESIAN_POINT('Origin',(-18.7085786437627,-1.82466207670979,0.755799778921068));
#4015=CARTESIAN_POINT('Origin',(-18.7085786437627,-1.82466207670979,0.755799778921068));
#4016=CARTESIAN_POINT('Origin',(-18.655367965644,-1.82466207670979,0.755799778921068));
#4017=CARTESIAN_POINT('',(-18.7,-1.60039800799786,0.531535710209137));
#4018=CARTESIAN_POINT('Origin',(-18.7,-1.82466207670979,0.755799778921068));
#4019=CARTESIAN_POINT('',(-18.655367965644,-1.56883839384661,0.499976096057883));
#4020=CARTESIAN_POINT('Origin',(-22.8,-0.755799778921039,1.8246620767098));
#4021=CARTESIAN_POINT('',(-22.75,-0.755799778921037,2.0746620767098));
#4022=CARTESIAN_POINT('',(-22.75,-0.755799778921041,1.5746620767098));
#4023=CARTESIAN_POINT('Origin',(-22.75,-0.755799778921039,1.8246620767098));
#4024=CARTESIAN_POINT('Origin',(-22.75,-0.755799778921039,1.8246620767098));
#4025=CARTESIAN_POINT('',(-22.85,-0.755799778921038,1.9746620767098));
#4026=CARTESIAN_POINT('',(-22.8,-0.755799778921038,2.0246620767098));
#4027=CARTESIAN_POINT('Origin',(-22.85,-0.755799778921039,1.8246620767098));
#4028=CARTESIAN_POINT('Origin',(-22.85,-0.755799778921038,1.9496620767098));
#4029=CARTESIAN_POINT('Origin',(-20.85,-0.755799778921039,1.8246620767098));
#4030=CARTESIAN_POINT('',(-18.85,-0.755799778921037,2.0746620767098));
#4031=CARTESIAN_POINT('',(-18.85,-1.00579977892104,1.8246620767098));
#4032=CARTESIAN_POINT('Origin',(-18.85,-0.755799778921039,1.8246620767098));
#4033=CARTESIAN_POINT('',(-18.85,-0.755799778921041,1.5746620767098));
#4034=CARTESIAN_POINT('Origin',(-18.85,-0.755799778921039,1.8246620767098));
#4035=CARTESIAN_POINT('',(-20.85,-0.755799778921041,1.5746620767098));
#4036=CARTESIAN_POINT('Origin',(-18.85,-0.755799778921039,1.8246620767098));
#4037=CARTESIAN_POINT('Origin',(-18.85,-0.755799778921039,1.8246620767098));
#4038=CARTESIAN_POINT('',(-18.7085786437627,-1.06437842268373,1.8246620767098));
#4039=CARTESIAN_POINT('Origin',(-18.85,-1.20579977892104,1.8246620767098));
#4040=CARTESIAN_POINT('',(-18.7085786437627,-0.755799778921037,2.13324072047249));
#4041=CARTESIAN_POINT('Origin',(-18.7085786437627,-0.755799778921039,1.8246620767098));
#4042=CARTESIAN_POINT('',(-18.7085786437627,-0.755799778921042,1.51608343294711));
#4043=CARTESIAN_POINT('Origin',(-18.7085786437627,-0.755799778921039,1.8246620767098));
#4044=CARTESIAN_POINT('Origin',(-18.7085786437627,-0.755799778921039,1.8246620767098));
#4045=CARTESIAN_POINT('Origin',(-18.655367965644,-0.755799778921039,1.8246620767098));
#4046=CARTESIAN_POINT('',(-18.7,-0.755799778921042,1.50750478918442));
#4047=CARTESIAN_POINT('Origin',(-18.7,-0.755799778921039,1.8246620767098));
#4048=CARTESIAN_POINT('',(-18.655367965644,-0.755799778921042,1.46287275482845));
#4049=CARTESIAN_POINT('Origin',(-22.8,0.755799778921066,1.82466207670979));
#4050=CARTESIAN_POINT('',(-22.75,0.932576474217704,2.00143877200642));
#4051=CARTESIAN_POINT('',(-22.75,0.579023083624428,1.64788538141315));
#4052=CARTESIAN_POINT('Origin',(-22.75,0.755799778921066,1.82466207670979));
#4053=CARTESIAN_POINT('Origin',(-22.75,0.755799778921066,1.82466207670979));
#4054=CARTESIAN_POINT('',(-22.85,0.86186579609905,1.93072809388777));
#4055=CARTESIAN_POINT('',(-22.8,0.897221135158377,1.96608343294709));
#4056=CARTESIAN_POINT('Origin',(-22.85,0.755799778921066,1.82466207670979));
#4057=CARTESIAN_POINT('Origin',(-22.85,0.844188126569385,1.9130504243581));
#4058=CARTESIAN_POINT('Origin',(-20.85,0.755799778921066,1.82466207670979));
#4059=CARTESIAN_POINT('',(-18.85,0.932576474217704,2.00143877200642));
#4060=CARTESIAN_POINT('',(-18.85,0.57902308362443,2.00143877200642));
#4061=CARTESIAN_POINT('Origin',(-18.85,0.755799778921066,1.82466207670979));
#4062=CARTESIAN_POINT('',(-18.85,0.579023083624428,1.64788538141315));
#4063=CARTESIAN_POINT('Origin',(-18.85,0.755799778921066,1.82466207670979));
#4064=CARTESIAN_POINT('',(-20.85,0.579023083624428,1.64788538141315));
#4065=CARTESIAN_POINT('Origin',(-18.85,0.755799778921066,1.82466207670979));
#4066=CARTESIAN_POINT('Origin',(-18.85,0.755799778921066,1.82466207670979));
#4067=CARTESIAN_POINT('',(-18.7085786437627,0.537601727387121,2.04286012824373));
#4068=CARTESIAN_POINT('Origin',(-18.85,0.437601727387122,2.14286012824373));
#4069=CARTESIAN_POINT('',(-18.7085786437627,0.973997830455015,2.04286012824373));
#4070=CARTESIAN_POINT('Origin',(-18.7085786437627,0.755799778921066,1.82466207670979));
#4071=CARTESIAN_POINT('',(-18.7085786437627,0.537601727387118,1.60646402517584));
#4072=CARTESIAN_POINT('Origin',(-18.7085786437627,0.755799778921066,1.82466207670979));
#4073=CARTESIAN_POINT('Origin',(-18.7085786437627,0.755799778921066,1.82466207670979));
#4074=CARTESIAN_POINT('Origin',(-18.655367965644,0.755799778921066,1.82466207670979));
#4075=CARTESIAN_POINT('',(-18.7,0.531535710209135,1.60039800799786));
#4076=CARTESIAN_POINT('Origin',(-18.7,0.755799778921066,1.82466207670979));
#4077=CARTESIAN_POINT('',(-18.655367965644,0.499976096057882,1.56883839384661));
#4078=CARTESIAN_POINT('Origin',(-22.8,1.8246620767098,0.755799778921038));
#4079=CARTESIAN_POINT('',(-22.75,2.0746620767098,0.755799778921036));
#4080=CARTESIAN_POINT('',(-22.75,1.5746620767098,0.75579977892104));
#4081=CARTESIAN_POINT('Origin',(-22.75,1.8246620767098,0.755799778921038));
#4082=CARTESIAN_POINT('Origin',(-22.75,1.8246620767098,0.755799778921038));
#4083=CARTESIAN_POINT('',(-22.85,1.9746620767098,0.755799778921036));
#4084=CARTESIAN_POINT('',(-22.8,2.0246620767098,0.755799778921036));
#4085=CARTESIAN_POINT('Origin',(-22.85,1.8246620767098,0.755799778921038));
#4086=CARTESIAN_POINT('Origin',(-22.85,1.9496620767098,0.755799778921037));
#4087=CARTESIAN_POINT('Origin',(-20.85,1.8246620767098,0.755799778921038));
#4088=CARTESIAN_POINT('',(-18.85,2.0746620767098,0.755799778921036));
#4089=CARTESIAN_POINT('',(-18.85,1.8246620767098,1.00579977892104));
#4090=CARTESIAN_POINT('Origin',(-18.85,1.8246620767098,0.755799778921038));
#4091=CARTESIAN_POINT('',(-18.85,1.5746620767098,0.75579977892104));
#4092=CARTESIAN_POINT('Origin',(-18.85,1.8246620767098,0.755799778921038));
#4093=CARTESIAN_POINT('',(-20.85,1.5746620767098,0.75579977892104));
#4094=CARTESIAN_POINT('Origin',(-18.85,1.8246620767098,0.755799778921038));
#4095=CARTESIAN_POINT('Origin',(-18.85,1.8246620767098,0.755799778921038));
#4096=CARTESIAN_POINT('',(-18.7085786437627,1.8246620767098,1.06437842268373));
#4097=CARTESIAN_POINT('Origin',(-18.85,1.8246620767098,1.20579977892104));
#4098=CARTESIAN_POINT('',(-18.7085786437627,2.13324072047249,0.755799778921035));
#4099=CARTESIAN_POINT('Origin',(-18.7085786437627,1.8246620767098,0.755799778921038));
#4100=CARTESIAN_POINT('',(-18.7085786437627,1.51608343294711,0.75579977892104));
#4101=CARTESIAN_POINT('Origin',(-18.7085786437627,1.8246620767098,0.755799778921038));
#4102=CARTESIAN_POINT('Origin',(-18.7085786437627,1.8246620767098,0.755799778921038));
#4103=CARTESIAN_POINT('Origin',(-18.655367965644,1.8246620767098,0.755799778921038));
#4104=CARTESIAN_POINT('',(-18.7,1.50750478918442,0.75579977892104));
#4105=CARTESIAN_POINT('Origin',(-18.7,1.8246620767098,0.755799778921038));
#4106=CARTESIAN_POINT('',(-18.655367965644,1.46287275482845,0.75579977892104));
#4107=CARTESIAN_POINT('Origin',(-22.8,0.699999999999999,-5.14723624275141E-15));
#4108=CARTESIAN_POINT('',(-22.75,0.949999999999998,-7.19379583259577E-15));
#4109=CARTESIAN_POINT('',(-22.75,0.449999999999999,-3.1643372853055E-15));
#4110=CARTESIAN_POINT('Origin',(-22.75,0.699999999999999,-5.14845038897195E-15));
#4111=CARTESIAN_POINT('Origin',(-22.75,0.699999999999999,-5.14845038897195E-15));
#4112=CARTESIAN_POINT('',(-22.85,0.85,-6.33648995873076E-15));
#4113=CARTESIAN_POINT('',(-22.8,0.899999999999999,-6.73452672568458E-15));
#4114=CARTESIAN_POINT('Origin',(-22.85,0.699999999999999,-5.14602209653087E-15));
#4115=CARTESIAN_POINT('Origin',(-22.85,0.824999999999998,-6.15338673335344E-15));
#4116=CARTESIAN_POINT('Origin',(-20.85,0.699999999999999,-5.19458794535241E-15));
#4117=CARTESIAN_POINT('',(-18.85,0.949999999999999,-7.25788306781908E-15));
#4118=CARTESIAN_POINT('',(-18.85,0.700000000000001,0.249999999999995));
#4119=CARTESIAN_POINT('Origin',(-18.85,0.699999999999999,-5.24315379417394E-15));
#4120=CARTESIAN_POINT('',(-18.85,0.449999999999999,-3.25904069050749E-15));
#4121=CARTESIAN_POINT('Origin',(-18.85,0.699999999999999,-5.24315379417394E-15));
#4122=CARTESIAN_POINT('',(-20.85,0.449999999999999,-3.21047484168596E-15));
#4123=CARTESIAN_POINT('Origin',(-18.85,0.699999999999999,-5.24315379417394E-15));
#4124=CARTESIAN_POINT('Origin',(-18.85,0.699999999999999,-5.24315379417394E-15));
#4125=CARTESIAN_POINT('',(-18.7085786437627,0.700000000000001,0.308578643762686));
#4126=CARTESIAN_POINT('Origin',(-18.85,0.700000000000002,0.449999999999995));
#4127=CARTESIAN_POINT('',(-18.7085786437627,1.00857864376269,-7.73339762551916E-15));
#4128=CARTESIAN_POINT('Origin',(-18.7085786437627,0.699999999999999,-5.24658791827752E-15));
#4129=CARTESIAN_POINT('',(-18.7085786437627,0.391421356237308,-2.79756819587281E-15));
#4130=CARTESIAN_POINT('Origin',(-18.7085786437627,0.699999999999999,-5.24658791827752E-15));
#4131=CARTESIAN_POINT('Origin',(-18.7085786437627,0.699999999999999,-5.24658791827752E-15));
#4132=CARTESIAN_POINT('Origin',(-18.655367965644,0.699999999999999,-5.24788002915212E-15));
#4133=CARTESIAN_POINT('',(-18.7,0.382842712474659,-2.65201138102738E-15));
#4134=CARTESIAN_POINT('Origin',(-18.7,0.699999999999999,-5.24679623283556E-15));
#4135=CARTESIAN_POINT('',(-18.655367965644,0.338210678118653,-2.37655629190661E-15));
#4136=CARTESIAN_POINT('Origin',(-18.7,1.4875,-1.19879617283349E-14));
#4137=CARTESIAN_POINT('Origin',(-16.5,3.17717940290411,0.499999999999975));
#4138=CARTESIAN_POINT('',(-16.5,3.24961536185439,0.999999999999975));
#4139=CARTESIAN_POINT('',(-17.,3.36303434416005,0.499999999999975));
#4140=CARTESIAN_POINT('Ctrl Pts',(-16.5,3.24961536185439,0.999999999999975));
#4141=CARTESIAN_POINT('Ctrl Pts',(-16.5629139669899,3.24961536185439,0.999999999999975));
#4142=CARTESIAN_POINT('Ctrl Pts',(-16.6297800897033,3.25357463208367,0.98739560921223));
#4143=CARTESIAN_POINT('Ctrl Pts',(-16.752340675027,3.2685256037344,0.936716787177854));
#4144=CARTESIAN_POINT('Ctrl Pts',(-16.8080576180752,3.27939553926252,0.898660876804217));
#4145=CARTESIAN_POINT('Ctrl Pts',(-16.8968375351418,3.30226468264776,0.810651713618886));
#4146=CARTESIAN_POINT('Ctrl Pts',(-16.9356159713876,3.31584926215916,0.754404921442553));
#4147=CARTESIAN_POINT('Ctrl Pts',(-16.987203465035,3.34156240984051,0.630827849438382));
#4148=CARTESIAN_POINT('Ctrl Pts',(-17.,3.35359749293663,0.563472909530165));
#4149=CARTESIAN_POINT('Ctrl Pts',(-17.,3.36303434416005,0.499999999999975));
#4150=CARTESIAN_POINT('',(-17.,3.17717940290411,0.499999999999975));
#4151=CARTESIAN_POINT('',(-16.5,3.17717940290411,0.999999999999975));
#4152=CARTESIAN_POINT('Origin',(-17.,3.10474344395383,-2.6547544631876E-14));
#4153=CARTESIAN_POINT('',(-17.,3.36303434416004,-0.500000000000025));
#4154=CARTESIAN_POINT('Origin',(-17.,-1.20446484990249E-15,-2.44255677564016E-47));
#4155=CARTESIAN_POINT('',(-17.,2.95332006149554,-0.500000000000025));
#4156=CARTESIAN_POINT('Origin',(-15.5,-1.20446484990249E-15,-2.44170095719472E-47));
#4157=CARTESIAN_POINT('',(-16.5,3.24961536185438,-1.00000000000003));
#4158=CARTESIAN_POINT('Origin',(-16.5,-1.20446484990249E-15,-2.44227150282501E-47));
#4159=CARTESIAN_POINT('Ctrl Pts',(-17.,3.36303434416004,-0.500000000000025));
#4160=CARTESIAN_POINT('Ctrl Pts',(-17.,3.35359749293662,-0.563472909530215));
#4161=CARTESIAN_POINT('Ctrl Pts',(-16.987203465035,3.3415624098405,-0.630827849438432));
#4162=CARTESIAN_POINT('Ctrl Pts',(-16.9356159713876,3.31584926215915,-0.754404921442604));
#4163=CARTESIAN_POINT('Ctrl Pts',(-16.8968375351418,3.30226468264774,-0.810651713618937));
#4164=CARTESIAN_POINT('Ctrl Pts',(-16.8080576180752,3.27939553926251,-0.898660876804268));
#4165=CARTESIAN_POINT('Ctrl Pts',(-16.752340675027,3.26852560373438,-0.936716787177905));
#4166=CARTESIAN_POINT('Ctrl Pts',(-16.6297800897033,3.25357463208365,-0.987395609212281));
#4167=CARTESIAN_POINT('Ctrl Pts',(-16.5629139669899,3.24961536185438,-1.00000000000003));
#4168=CARTESIAN_POINT('Ctrl Pts',(-16.5,3.24961536185438,-1.00000000000003));
#4169=CARTESIAN_POINT('Origin',(-16.5,2.95332006149554,-0.500000000000025));
#4170=CARTESIAN_POINT('',(-16.5,2.95332006149554,-1.00000000000003));
#4171=CARTESIAN_POINT('Origin',(-16.5,2.57499999999999,0.));
#4172=CARTESIAN_POINT('',(-16.5,4.75,5.81707229594993E-16));
#4173=CARTESIAN_POINT('Origin',(-16.5,-5.05166804648283E-15,0.));
#4174=CARTESIAN_POINT('Origin',(-12.5,-6.42939569552361E-16,-5.25));
#4175=CARTESIAN_POINT('',(-0.700000000000002,2.90473750965557,-5.25));
#4176=CARTESIAN_POINT('',(-5.825,2.90473750965556,-5.25));
#4177=CARTESIAN_POINT('Ctrl Pts',(5.34294830600857E-15,0.726291952316659,
-5.25));
#4178=CARTESIAN_POINT('Ctrl Pts',(-0.14001659087214,1.74804075354641,-5.25));
#4179=CARTESIAN_POINT('Ctrl Pts',(-0.700000000000007,2.90473750965557,-5.25));
#4180=CARTESIAN_POINT('',(-0.700000000000004,-2.90473750965557,-5.25));
#4181=CARTESIAN_POINT('Ctrl Pts',(-0.700000000000005,-2.90473750965557,
-5.25));
#4182=CARTESIAN_POINT('Ctrl Pts',(-0.140016590872139,-1.74804075354641,
-5.25));
#4183=CARTESIAN_POINT('Ctrl Pts',(5.89805981832114E-15,-0.72629195231666,
-5.25));
#4184=CARTESIAN_POINT('',(-5.825,-2.90473750965557,-5.25));
#4185=CARTESIAN_POINT('Origin',(-5.825,-1.78339190125833E-15,0.));
#4186=CARTESIAN_POINT('',(-0.700000000000002,-2.90473750965557,5.25));
#4187=CARTESIAN_POINT('Origin',(-0.700000000000003,-2.14313189850787E-16,
0.));
#4188=CARTESIAN_POINT('',(-5.825,-2.90473750965557,5.25));
#4189=CARTESIAN_POINT('Origin',(-0.350000000000001,-1.07156594925393E-16,
0.));
#4190=CARTESIAN_POINT('Ctrl Pts',(4.23272528138341E-15,-0.726291952316673,
5.25));
#4191=CARTESIAN_POINT('Ctrl Pts',(-0.140016590872141,-1.74804075354642,
5.25));
#4192=CARTESIAN_POINT('Ctrl Pts',(-0.700000000000004,-2.90473750965557,
5.25));
#4193=CARTESIAN_POINT('Origin',(-12.5,0.,5.25));
#4194=CARTESIAN_POINT('',(-0.700000000000004,2.90473750965557,5.25));
#4195=CARTESIAN_POINT('Ctrl Pts',(-0.700000000000006,2.90473750965557,5.25));
#4196=CARTESIAN_POINT('Ctrl Pts',(-0.140016590872143,1.74804075354642,5.25));
#4197=CARTESIAN_POINT('Ctrl Pts',(3.81639164714898E-15,0.726291952316673,
5.25));
#4198=CARTESIAN_POINT('',(-5.825,2.90473750965556,5.25));
#4199=CARTESIAN_POINT('Origin',(-5.825,-1.78339190125833E-15,0.));
#4200=CARTESIAN_POINT('Origin',(-0.700000000000003,-2.14313189850787E-16,
0.));
#4201=CARTESIAN_POINT('Origin',(-0.350000000000001,-1.07156594925393E-16,
0.));
#4202=CARTESIAN_POINT('Origin',(-16.3,-4.99043570652546E-15,0.));
#4203=CARTESIAN_POINT('',(-16.1,5.15,-6.30693101560887E-16));
#4204=CARTESIAN_POINT('',(-16.1,-5.15000000000001,-6.30693101560887E-16));
#4205=CARTESIAN_POINT('Origin',(-16.1,-4.92920336656809E-15,0.));
#4206=CARTESIAN_POINT('',(-16.1,0.,5.15));
#4207=CARTESIAN_POINT('Origin',(-16.1,-4.92920336656809E-15,0.));
#4208=CARTESIAN_POINT('Origin',(-16.1,-4.92920336656809E-15,0.));
#4209=CARTESIAN_POINT('',(-16.3,4.95,6.0620016557794E-16));
#4210=CARTESIAN_POINT('Origin',(-14.5,-4.43934464690915E-15,0.));
#4211=CARTESIAN_POINT('',(-14.5,-5.15000000000001,-6.30693101560887E-16));
#4212=CARTESIAN_POINT('',(0.,0.,0.));
#4213=CARTESIAN_POINT('Origin',(-2.625,0.9,7.15));
#4214=CARTESIAN_POINT('',(-0.0982926561810617,1.,7.15));
#4215=CARTESIAN_POINT('',(-4.27980409326884E-14,0.983515506448344,7.09499854381313));
#4216=CARTESIAN_POINT('Ctrl Pts',(-5.46301625993243E-14,0.983515506448334,
7.09499854381311));
#4217=CARTESIAN_POINT('Ctrl Pts',(-0.00111005286328272,0.983905971282659,
7.09559143481363));
#4218=CARTESIAN_POINT('Ctrl Pts',(-0.00222233177196503,0.984289210164421,
7.09618660991545));
#4219=CARTESIAN_POINT('Ctrl Pts',(-0.0270690917926493,0.99265568731177,
7.10950839498357));
#4220=CARTESIAN_POINT('Ctrl Pts',(-0.0517055577450366,0.997227329161381,
7.123228856409));
#4221=CARTESIAN_POINT('Ctrl Pts',(-0.074278616799501,0.999034221839728,
7.1361355524957));
#4222=CARTESIAN_POINT('Ctrl Pts',(-0.0820504844030653,0.999656332056871,
7.14057930701489));
#4223=CARTESIAN_POINT('Ctrl Pts',(-0.0901022217908464,1.,7.14522522528275));
#4224=CARTESIAN_POINT('Ctrl Pts',(-0.0982926561810607,1.,7.15));
#4225=CARTESIAN_POINT('',(-3.5,1.,7.15));
#4226=CARTESIAN_POINT('',(-2.625,1.,7.15));
#4227=CARTESIAN_POINT('',(-3.5,0.9,7.05));
#4228=CARTESIAN_POINT('Origin',(-3.5,0.9,7.15));
#4229=CARTESIAN_POINT('',(-7.23586688831844E-16,0.9,7.05));
#4230=CARTESIAN_POINT('',(-2.625,0.9,7.05));
#4231=CARTESIAN_POINT('Origin',(-1.11022302462516E-15,0.9,7.15));
#4232=CARTESIAN_POINT('Origin',(-3.5,1.28587913910472E-16,7.05));
#4233=CARTESIAN_POINT('',(-3.5,-0.9,7.05));
#4234=CARTESIAN_POINT('',(-3.5,2.,7.05));
#4235=CARTESIAN_POINT('',(-5.0315026498532E-16,-0.9,7.05));
#4236=CARTESIAN_POINT('',(-2.625,-0.9,7.05));
#4237=CARTESIAN_POINT('',(-8.32667268468867E-16,1.79071052741876,7.05));
#4238=CARTESIAN_POINT('Origin',(-2.625,-0.9,7.15));
#4239=CARTESIAN_POINT('',(-4.29359767920003E-14,-0.983515506448344,7.09499854381313));
#4240=CARTESIAN_POINT('Origin',(-1.11022302462516E-15,-0.9,7.15));
#4241=CARTESIAN_POINT('',(-3.5,-1.,7.15));
#4242=CARTESIAN_POINT('Origin',(-3.5,-0.9,7.15));
#4243=CARTESIAN_POINT('',(-0.0982926561810608,-1.,7.15));
#4244=CARTESIAN_POINT('',(-2.625,-1.,7.15));
#4245=CARTESIAN_POINT('Ctrl Pts',(-0.0982926561810599,-1.,7.15));
#4246=CARTESIAN_POINT('Ctrl Pts',(-0.0901022217908461,-1.,7.14522522528275));
#4247=CARTESIAN_POINT('Ctrl Pts',(-0.0820504844030648,-0.999656332056871,
7.14057930701489));
#4248=CARTESIAN_POINT('Ctrl Pts',(-0.0742786167995008,-0.999034221839728,
7.1361355524957));
#4249=CARTESIAN_POINT('Ctrl Pts',(-0.0517055577450363,-0.997227329161381,
7.123228856409));
#4250=CARTESIAN_POINT('Ctrl Pts',(-0.0270690917926498,-0.992655687311769,
7.10950839498357));
#4251=CARTESIAN_POINT('Ctrl Pts',(-0.00222233177196557,-0.98428921016442,
7.09618660991545));
#4252=CARTESIAN_POINT('Ctrl Pts',(-0.00111005286328295,-0.983905971282659,
7.09559143481363));
#4253=CARTESIAN_POINT('Ctrl Pts',(-5.4936772570403E-14,-0.983515506448334,
7.09499854381311));
#4254=CARTESIAN_POINT('Origin',(-2.625,7.15,0.9));
#4255=CARTESIAN_POINT('',(-1.66533453693773E-15,7.05,0.9));
#4256=CARTESIAN_POINT('',(-4.29077543021445E-14,7.09499854381313,0.983515506448344));
#4257=CARTESIAN_POINT('Origin',(-1.11022302462516E-15,7.15,0.9));
#4258=CARTESIAN_POINT('',(-3.5,7.05,0.9));
#4259=CARTESIAN_POINT('',(-2.625,7.05,0.9));
#4260=CARTESIAN_POINT('',(-3.5,7.15,1.));
#4261=CARTESIAN_POINT('Origin',(-3.5,7.15,0.9));
#4262=CARTESIAN_POINT('',(-0.0982926561810819,7.15,1.));
#4263=CARTESIAN_POINT('',(-2.625,7.15,1.));
#4264=CARTESIAN_POINT('Ctrl Pts',(-0.0982926561810758,7.15000000000001,
1.));
#4265=CARTESIAN_POINT('Ctrl Pts',(-0.0901022217908565,7.14522522528276,
1.));
#4266=CARTESIAN_POINT('Ctrl Pts',(-0.0820504844030719,7.14057930701489,
0.999656332056872));
#4267=CARTESIAN_POINT('Ctrl Pts',(-0.0742786167995035,7.1361355524957,0.999034221839728));
#4268=CARTESIAN_POINT('Ctrl Pts',(-0.0517055577450389,7.123228856409,0.997227329161381));
#4269=CARTESIAN_POINT('Ctrl Pts',(-0.0270690917926513,7.10950839498357,
0.992655687311769));
#4270=CARTESIAN_POINT('Ctrl Pts',(-0.00222233177196635,7.09618660991545,
0.984289210164421));
#4271=CARTESIAN_POINT('Ctrl Pts',(-0.00111005286328302,7.09559143481363,
0.983905971282659));
#4272=CARTESIAN_POINT('Ctrl Pts',(-5.43753957760372E-14,7.09499854381311,
0.983515506448334));
#4273=CARTESIAN_POINT('Origin',(-3.5,7.05,0.));
#4274=CARTESIAN_POINT('',(-1.66533453693773E-15,7.05,-0.9));
#4275=CARTESIAN_POINT('',(-1.66533453693773E-15,7.05,0.));
#4276=CARTESIAN_POINT('',(-3.5,7.05,-0.9));
#4277=CARTESIAN_POINT('',(-2.625,7.05,-0.9));
#4278=CARTESIAN_POINT('',(-3.5,7.05,0.));
#4279=CARTESIAN_POINT('Origin',(-2.625,7.15,-0.9));
#4280=CARTESIAN_POINT('',(-0.0982926561810825,7.15,-1.));
#4281=CARTESIAN_POINT('',(-4.31263101322065E-14,7.09499854381313,-0.983515506448344));
#4282=CARTESIAN_POINT('Ctrl Pts',(-5.50766567847953E-14,7.09499854381311,
-0.983515506448334));
#4283=CARTESIAN_POINT('Ctrl Pts',(-0.00111005286328334,7.09559143481363,
-0.983905971282659));
#4284=CARTESIAN_POINT('Ctrl Pts',(-0.00222233177196651,7.09618660991545,
-0.984289210164421));
#4285=CARTESIAN_POINT('Ctrl Pts',(-0.0270690917926514,7.10950839498357,
-0.992655687311769));
#4286=CARTESIAN_POINT('Ctrl Pts',(-0.0517055577450389,7.123228856409,-0.997227329161381));
#4287=CARTESIAN_POINT('Ctrl Pts',(-0.0742786167995035,7.1361355524957,-0.999034221839728));
#4288=CARTESIAN_POINT('Ctrl Pts',(-0.0820504844030721,7.14057930701489,
-0.999656332056872));
#4289=CARTESIAN_POINT('Ctrl Pts',(-0.0901022217908576,7.14522522528276,
-1.));
#4290=CARTESIAN_POINT('Ctrl Pts',(-0.0982926561810761,7.15000000000001,
-1.));
#4291=CARTESIAN_POINT('',(-3.5,7.15,-1.));
#4292=CARTESIAN_POINT('',(-2.625,7.15,-1.));
#4293=CARTESIAN_POINT('Origin',(-3.5,7.15,-0.9));
#4294=CARTESIAN_POINT('Origin',(-1.11022302462516E-15,7.15,-0.9));
#4295=CARTESIAN_POINT('Origin',(-2.625,-0.900000000000002,-7.15));
#4296=CARTESIAN_POINT('',(-0.0982926561810622,-1.,-7.15));
#4297=CARTESIAN_POINT('',(-4.20451400076091E-14,-0.983515506448345,-7.09499854381313));
#4298=CARTESIAN_POINT('Ctrl Pts',(-5.34230203482345E-14,-0.983515506448335,
-7.09499854381311));
#4299=CARTESIAN_POINT('Ctrl Pts',(-0.00111005286328189,-0.983905971282659,
-7.09559143481363));
#4300=CARTESIAN_POINT('Ctrl Pts',(-0.00222233177196664,-0.984289210164422,
-7.09618660991545));
#4301=CARTESIAN_POINT('Ctrl Pts',(-0.0270690917926517,-0.99265568731177,
-7.10950839498357));
#4302=CARTESIAN_POINT('Ctrl Pts',(-0.0517055577450384,-0.997227329161383,
-7.123228856409));
#4303=CARTESIAN_POINT('Ctrl Pts',(-0.0742786167995028,-0.99903422183973,
-7.1361355524957));
#4304=CARTESIAN_POINT('Ctrl Pts',(-0.0820504844030667,-0.999656332056873,
-7.14057930701489));
#4305=CARTESIAN_POINT('Ctrl Pts',(-0.0901022217908473,-1.,-7.14522522528276));
#4306=CARTESIAN_POINT('Ctrl Pts',(-0.0982926561810613,-1.,-7.15));
#4307=CARTESIAN_POINT('',(-3.5,-1.,-7.15));
#4308=CARTESIAN_POINT('',(-2.625,-1.,-7.15));
#4309=CARTESIAN_POINT('',(-3.5,-0.900000000000002,-7.05));
#4310=CARTESIAN_POINT('Origin',(-3.5,-0.900000000000002,-7.15));
#4311=CARTESIAN_POINT('',(-5.0315026498532E-16,-0.900000000000001,-7.05));
#4312=CARTESIAN_POINT('',(-2.625,-0.900000000000002,-7.05));
#4313=CARTESIAN_POINT('Origin',(-1.11022302462516E-15,-0.900000000000002,
-7.15));
#4314=CARTESIAN_POINT('Origin',(-3.5,-1.5981640728873E-15,-7.05));
#4315=CARTESIAN_POINT('',(-3.5,0.899999999999998,-7.05));
#4316=CARTESIAN_POINT('',(-3.5,2.,-7.05));
#4317=CARTESIAN_POINT('',(-7.23586688831844E-16,0.899999999999998,-7.05));
#4318=CARTESIAN_POINT('',(-2.625,0.899999999999998,-7.05));
#4319=CARTESIAN_POINT('',(-8.32667268468867E-16,1.79071052741876,-7.05));
#4320=CARTESIAN_POINT('Origin',(-2.625,0.899999999999998,-7.15));
#4321=CARTESIAN_POINT('',(-4.27502299902316E-14,0.983515506448342,-7.09499854381313));
#4322=CARTESIAN_POINT('Origin',(-1.11022302462516E-15,0.899999999999998,
-7.15));
#4323=CARTESIAN_POINT('',(-3.5,0.999999999999999,-7.15));
#4324=CARTESIAN_POINT('Origin',(-3.5,0.899999999999998,-7.15));
#4325=CARTESIAN_POINT('',(-0.0982926561810625,0.999999999999999,-7.15));
#4326=CARTESIAN_POINT('',(-2.625,0.999999999999998,-7.15));
#4327=CARTESIAN_POINT('Ctrl Pts',(-0.0982926561810609,0.999999999999998,
-7.15));
#4328=CARTESIAN_POINT('Ctrl Pts',(-0.0901022217908469,0.999999999999998,
-7.14522522528276));
#4329=CARTESIAN_POINT('Ctrl Pts',(-0.0820504844030669,0.99965633205687,
-7.14057930701489));
#4330=CARTESIAN_POINT('Ctrl Pts',(-0.0742786167995031,0.999034221839726,
-7.1361355524957));
#4331=CARTESIAN_POINT('Ctrl Pts',(-0.0517055577450384,0.997227329161379,
-7.123228856409));
#4332=CARTESIAN_POINT('Ctrl Pts',(-0.0270690917926511,0.992655687311767,
-7.10950839498357));
#4333=CARTESIAN_POINT('Ctrl Pts',(-0.00222233177196635,0.984289210164419,
-7.09618660991545));
#4334=CARTESIAN_POINT('Ctrl Pts',(-0.00111005286328321,0.983905971282656,
-7.09559143481363));
#4335=CARTESIAN_POINT('Ctrl Pts',(-5.51176747810371E-14,0.983515506448332,
-7.09499854381311));
#4336=CARTESIAN_POINT('Origin',(-2.625,-7.15,-0.899999999999999));
#4337=CARTESIAN_POINT('',(2.77555756156289E-16,-7.05,-0.899999999999999));
#4338=CARTESIAN_POINT('',(-4.182815828837E-14,-7.09499854381313,-0.983515506448343));
#4339=CARTESIAN_POINT('Origin',(-1.11022302462516E-15,-7.15,-0.899999999999999));
#4340=CARTESIAN_POINT('',(-3.5,-7.05,-0.899999999999999));
#4341=CARTESIAN_POINT('',(-2.625,-7.05,-0.899999999999999));
#4342=CARTESIAN_POINT('',(-3.5,-7.15,-0.999999999999999));
#4343=CARTESIAN_POINT('Origin',(-3.5,-7.15,-0.899999999999999));
#4344=CARTESIAN_POINT('',(-0.0982926561810728,-7.15,-1.));
#4345=CARTESIAN_POINT('',(-2.625,-7.15,-0.999999999999999));
#4346=CARTESIAN_POINT('Ctrl Pts',(-0.0982926561810705,-7.15000000000001,
-0.999999999999999));
#4347=CARTESIAN_POINT('Ctrl Pts',(-0.0901022217908528,-7.14522522528276,
-1.));
#4348=CARTESIAN_POINT('Ctrl Pts',(-0.0820504844030674,-7.14057930701489,
-0.999656332056871));
#4349=CARTESIAN_POINT('Ctrl Pts',(-0.0742786167995002,-7.1361355524957,
-0.999034221839727));
#4350=CARTESIAN_POINT('Ctrl Pts',(-0.0517055577450355,-7.123228856409,-0.99722732916138));
#4351=CARTESIAN_POINT('Ctrl Pts',(-0.0270690917926489,-7.10950839498357,
-0.992655687311768));
#4352=CARTESIAN_POINT('Ctrl Pts',(-0.00222233177196481,-7.09618660991545,
-0.984289210164419));
#4353=CARTESIAN_POINT('Ctrl Pts',(-0.00111005286328094,-7.09559143481363,
-0.983905971282657));
#4354=CARTESIAN_POINT('Ctrl Pts',(-5.31398828503259E-14,-7.09499854381311,
-0.983515506448333));
#4355=CARTESIAN_POINT('Origin',(-3.5,-7.05,8.63375993398884E-16));
#4356=CARTESIAN_POINT('',(2.77555756156289E-16,-7.05,0.900000000000001));
#4357=CARTESIAN_POINT('',(2.77555756156289E-16,-7.05,1.08267478495917E-15));
#4358=CARTESIAN_POINT('',(-3.5,-7.05,0.900000000000001));
#4359=CARTESIAN_POINT('',(-2.625,-7.05,0.900000000000001));
#4360=CARTESIAN_POINT('',(-3.5,-7.05,1.10830535322835E-15));
#4361=CARTESIAN_POINT('Origin',(-2.625,-7.15,0.900000000000001));
#4362=CARTESIAN_POINT('',(-0.0982926561810711,-7.15,1.));
#4363=CARTESIAN_POINT('',(-4.20519433439854E-14,-7.09499854381313,0.983515506448345));
#4364=CARTESIAN_POINT('Ctrl Pts',(-5.42583808591121E-14,-7.09499854381311,
0.983515506448334));
#4365=CARTESIAN_POINT('Ctrl Pts',(-0.00111005286328206,-7.09559143481363,
0.983905971282659));
#4366=CARTESIAN_POINT('Ctrl Pts',(-0.00222233177196485,-7.09618660991545,
0.984289210164421));
#4367=CARTESIAN_POINT('Ctrl Pts',(-0.0270690917926489,-7.10950839498357,
0.992655687311769));
#4368=CARTESIAN_POINT('Ctrl Pts',(-0.0517055577450352,-7.123228856409,0.997227329161382));
#4369=CARTESIAN_POINT('Ctrl Pts',(-0.0742786167994999,-7.1361355524957,
0.999034221839729));
#4370=CARTESIAN_POINT('Ctrl Pts',(-0.0820504844030667,-7.14057930701489,
0.999656332056872));
#4371=CARTESIAN_POINT('Ctrl Pts',(-0.0901022217908514,-7.14522522528276,
1.));
#4372=CARTESIAN_POINT('Ctrl Pts',(-0.098292656181068,-7.15000000000001,
1.));
#4373=CARTESIAN_POINT('',(-3.5,-7.15,1.));
#4374=CARTESIAN_POINT('',(-2.625,-7.15,1.));
#4375=CARTESIAN_POINT('Origin',(-3.5,-7.15,0.900000000000001));
#4376=CARTESIAN_POINT('Origin',(-1.11022302462516E-15,-7.15,0.900000000000001));
#4377=CARTESIAN_POINT('Origin',(-2.475,-7.70713954719908,1.2));
#4378=CARTESIAN_POINT('',(-1.05464847582003,-7.70713954719908,1.));
#4379=CARTESIAN_POINT('',(-1.45,-7.90475850994777,1.23076923076923));
#4380=CARTESIAN_POINT('Ctrl Pts',(-1.05464847582003,-7.70713954719907,1.));
#4381=CARTESIAN_POINT('Ctrl Pts',(-1.06977723667322,-7.71594735800517,1.));
#4382=CARTESIAN_POINT('Ctrl Pts',(-1.08467649899743,-7.72454563547434,1.00058376258424));
#4383=CARTESIAN_POINT('Ctrl Pts',(-1.17991415041716,-7.77907554881138,1.00764718720945));
#4384=CARTESIAN_POINT('Ctrl Pts',(-1.27552765774257,-7.83159490582614,1.03263273411503));
#4385=CARTESIAN_POINT('Ctrl Pts',(-1.3771129201057,-7.88164020225712,1.09932375165909));
#4386=CARTESIAN_POINT('Ctrl Pts',(-1.4095961847251,-7.89658345495867,1.12793491271129));
#4387=CARTESIAN_POINT('Ctrl Pts',(-1.43495494680306,-7.90517450061701,1.17021544733596));
#4388=CARTESIAN_POINT('Ctrl Pts',(-1.44053389177143,-7.90669766448083,1.18189053768469));
#4389=CARTESIAN_POINT('Ctrl Pts',(-1.44806112139882,-7.907406954855,1.20629475784632));
#4390=CARTESIAN_POINT('Ctrl Pts',(-1.45,-7.90658677736551,1.21902697067083));
#4391=CARTESIAN_POINT('Ctrl Pts',(-1.45,-7.90475850994777,1.23076923076923));
#4392=CARTESIAN_POINT('',(-3.5,-7.90475850994777,1.23076923076923));
#4393=CARTESIAN_POINT('',(-2.475,-7.90475850994777,1.23076923076923));
#4394=CARTESIAN_POINT('',(-3.5,-7.70713954719908,1.));
#4395=CARTESIAN_POINT('Origin',(-3.5,-7.70713954719908,1.2));
#4396=CARTESIAN_POINT('',(-2.475,-7.70713954719908,1.));
#4397=CARTESIAN_POINT('Origin',(-1.75,-7.525,1.));
#4398=CARTESIAN_POINT('Ctrl Pts',(-1.05464847582003,-7.70713954719908,1.));
#4399=CARTESIAN_POINT('Ctrl Pts',(-0.558538996979774,-7.41830965087478,
1.));
#4400=CARTESIAN_POINT('Ctrl Pts',(-0.0982926561809875,-7.14999999999995,
1.));
#4401=CARTESIAN_POINT('',(-3.5,-1.7625,1.));
#4402=CARTESIAN_POINT('Origin',(-3.5,4.,0.));
#4403=CARTESIAN_POINT('',(-3.5,-1.23076923076923,7.90475850994777));
#4404=CARTESIAN_POINT('Origin',(-3.5,-4.28626379701574E-16,0.));
#4405=CARTESIAN_POINT('',(-3.5,-1.,7.70713954719908));
#4406=CARTESIAN_POINT('Origin',(-3.5,-1.2,7.70713954719908));
#4407=CARTESIAN_POINT('',(-3.5,-1.,3.7625));
#4408=CARTESIAN_POINT('',(-3.5,1.,7.70713954719908));
#4409=CARTESIAN_POINT('',(-3.5,1.,3.7625));
#4410=CARTESIAN_POINT('',(-3.5,1.23076923076923,7.90475850994777));
#4411=CARTESIAN_POINT('Origin',(-3.5,1.2,7.70713954719908));
#4412=CARTESIAN_POINT('',(-3.5,7.90475850994777,1.23076923076923));
#4413=CARTESIAN_POINT('Origin',(-3.5,-4.28626379701574E-16,0.));
#4414=CARTESIAN_POINT('',(-3.5,7.70713954719908,1.));
#4415=CARTESIAN_POINT('Origin',(-3.5,7.70713954719908,1.2));
#4416=CARTESIAN_POINT('',(-3.5,5.7625,1.));
#4417=CARTESIAN_POINT('',(-3.5,7.70713954719908,-1.));
#4418=CARTESIAN_POINT('',(-3.5,5.7625,-1.));
#4419=CARTESIAN_POINT('',(-3.5,7.90475850994777,-1.23076923076923));
#4420=CARTESIAN_POINT('Origin',(-3.5,7.70713954719908,-1.2));
#4421=CARTESIAN_POINT('',(-3.5,1.23076923076923,-7.90475850994777));
#4422=CARTESIAN_POINT('Origin',(-3.5,-4.28626379701574E-16,0.));
#4423=CARTESIAN_POINT('',(-3.5,0.999999999999999,-7.70713954719908));
#4424=CARTESIAN_POINT('Origin',(-3.5,1.2,-7.70713954719908));
#4425=CARTESIAN_POINT('',(-3.5,0.999999999999999,-3.7625));
#4426=CARTESIAN_POINT('',(-3.5,-1.,-7.70713954719908));
#4427=CARTESIAN_POINT('',(-3.5,-1.,-3.7625));
#4428=CARTESIAN_POINT('',(-3.5,-1.23076923076923,-7.90475850994777));
#4429=CARTESIAN_POINT('Origin',(-3.5,-1.2,-7.70713954719908));
#4430=CARTESIAN_POINT('',(-3.5,-7.90475850994777,-1.23076923076923));
#4431=CARTESIAN_POINT('Origin',(-3.5,-4.28626379701574E-16,0.));
#4432=CARTESIAN_POINT('',(-3.5,-7.70713954719908,-0.999999999999999));
#4433=CARTESIAN_POINT('Origin',(-3.5,-7.70713954719908,-1.2));
#4434=CARTESIAN_POINT('',(-3.5,-1.7625,-1.));
#4435=CARTESIAN_POINT('',(-3.5,-6.,7.34763812293426E-16));
#4436=CARTESIAN_POINT('Origin',(-3.5,-4.28626379701573E-16,0.));
#4437=CARTESIAN_POINT('Origin',(-2.475,-7.70713954719908,-1.2));
#4438=CARTESIAN_POINT('',(-1.45,-7.90475850994777,-1.23076923076923));
#4439=CARTESIAN_POINT('',(-2.475,-7.90475850994777,-1.23076923076923));
#4440=CARTESIAN_POINT('',(-1.05464847582002,-7.70713954719908,-1.));
#4441=CARTESIAN_POINT('Ctrl Pts',(-1.45,-7.90475850994777,-1.23076923076923));
#4442=CARTESIAN_POINT('Ctrl Pts',(-1.45,-7.90658677736551,-1.21902697067082));
#4443=CARTESIAN_POINT('Ctrl Pts',(-1.44806112139882,-7.907406954855,-1.20629475784632));
#4444=CARTESIAN_POINT('Ctrl Pts',(-1.44053389177143,-7.90669766448083,-1.18189053768469));
#4445=CARTESIAN_POINT('Ctrl Pts',(-1.43495494680306,-7.90517450061701,-1.17021544733596));
#4446=CARTESIAN_POINT('Ctrl Pts',(-1.4095961847251,-7.89658345495867,-1.12793491271129));
#4447=CARTESIAN_POINT('Ctrl Pts',(-1.3771129201057,-7.88164020225713,-1.09932375165909));
#4448=CARTESIAN_POINT('Ctrl Pts',(-1.27552765774257,-7.83159490582615,-1.03263273411503));
#4449=CARTESIAN_POINT('Ctrl Pts',(-1.17991415041716,-7.77907554881138,-1.00764718720945));
#4450=CARTESIAN_POINT('Ctrl Pts',(-1.08467649899743,-7.72454563547434,-1.00058376258424));
#4451=CARTESIAN_POINT('Ctrl Pts',(-1.06977723667322,-7.71594735800517,-0.999999999999997));
#4452=CARTESIAN_POINT('Ctrl Pts',(-1.05464847582003,-7.70713954719907,-0.999999999999998));
#4453=CARTESIAN_POINT('',(-2.475,-7.70713954719908,-0.999999999999999));
#4454=CARTESIAN_POINT('Origin',(-2.475,-3.0310008278897E-16,0.));
#4455=CARTESIAN_POINT('',(-1.45,-1.23076923076923,-7.90475850994777));
#4456=CARTESIAN_POINT('',(-2.475,-1.23076923076923,-7.90475850994777));
#4457=CARTESIAN_POINT('Origin',(-1.45,-1.77573785876366E-16,0.));
#4458=CARTESIAN_POINT('Origin',(-2.475,-1.2,-7.70713954719908));
#4459=CARTESIAN_POINT('',(-1.05464847582005,-1.,-7.70713954719908));
#4460=CARTESIAN_POINT('Ctrl Pts',(-1.05464847582005,-1.,-7.70713954719908));
#4461=CARTESIAN_POINT('Ctrl Pts',(-1.06977723667323,-1.,-7.71594735800518));
#4462=CARTESIAN_POINT('Ctrl Pts',(-1.08467649899744,-1.00058376258424,-7.72454563547434));
#4463=CARTESIAN_POINT('Ctrl Pts',(-1.17991415041716,-1.00764718720945,-7.77907554881139));
#4464=CARTESIAN_POINT('Ctrl Pts',(-1.27552765774257,-1.03263273411504,-7.83159490582615));
#4465=CARTESIAN_POINT('Ctrl Pts',(-1.3771129201057,-1.09932375165909,-7.88164020225713));
#4466=CARTESIAN_POINT('Ctrl Pts',(-1.4095961847251,-1.12793491271129,-7.89658345495867));
#4467=CARTESIAN_POINT('Ctrl Pts',(-1.43495494680306,-1.17021544733596,-7.90517450061701));
#4468=CARTESIAN_POINT('Ctrl Pts',(-1.44053389177143,-1.18189053768469,-7.90669766448083));
#4469=CARTESIAN_POINT('Ctrl Pts',(-1.44806112139882,-1.20629475784633,-7.907406954855));
#4470=CARTESIAN_POINT('Ctrl Pts',(-1.45,-1.21902697067083,-7.90658677736551));
#4471=CARTESIAN_POINT('Ctrl Pts',(-1.45,-1.23076923076923,-7.90475850994777));
#4472=CARTESIAN_POINT('',(-2.475,-1.,-7.70713954719908));
#4473=CARTESIAN_POINT('Origin',(-1.75,-1.,-7.525));
#4474=CARTESIAN_POINT('Ctrl Pts',(-1.05464847582005,-1.,-7.70713954719908));
#4475=CARTESIAN_POINT('Ctrl Pts',(-0.558538996925426,-1.,-7.41830965084313));
#4476=CARTESIAN_POINT('Ctrl Pts',(-0.0982926561809784,-1.,-7.14999999999995));
#4477=CARTESIAN_POINT('Origin',(-2.475,1.2,-7.70713954719908));
#4478=CARTESIAN_POINT('',(-1.45,1.23076923076923,-7.90475850994777));
#4479=CARTESIAN_POINT('',(-2.475,1.23076923076923,-7.90475850994777));
#4480=CARTESIAN_POINT('',(-1.05464847582005,0.999999999999998,-7.70713954719908));
#4481=CARTESIAN_POINT('Ctrl Pts',(-1.45,1.23076923076923,-7.90475850994777));
#4482=CARTESIAN_POINT('Ctrl Pts',(-1.45,1.21902697067082,-7.90658677736551));
#4483=CARTESIAN_POINT('Ctrl Pts',(-1.44806112139882,1.20629475784632,-7.907406954855));
#4484=CARTESIAN_POINT('Ctrl Pts',(-1.44053389177143,1.18189053768469,-7.90669766448083));
#4485=CARTESIAN_POINT('Ctrl Pts',(-1.43495494680306,1.17021544733596,-7.90517450061701));
#4486=CARTESIAN_POINT('Ctrl Pts',(-1.4095961847251,1.12793491271129,-7.89658345495867));
#4487=CARTESIAN_POINT('Ctrl Pts',(-1.3771129201057,1.09932375165909,-7.88164020225713));
#4488=CARTESIAN_POINT('Ctrl Pts',(-1.27552765774257,1.03263273411503,-7.83159490582615));
#4489=CARTESIAN_POINT('Ctrl Pts',(-1.17991415041716,1.00764718720945,-7.77907554881138));
#4490=CARTESIAN_POINT('Ctrl Pts',(-1.08467649899744,1.00058376258424,-7.72454563547434));
#4491=CARTESIAN_POINT('Ctrl Pts',(-1.06977723667323,0.999999999999999,-7.71594735800518));
#4492=CARTESIAN_POINT('Ctrl Pts',(-1.05464847582005,0.999999999999999,-7.70713954719908));
#4493=CARTESIAN_POINT('',(-2.475,0.999999999999998,-7.70713954719908));
#4494=CARTESIAN_POINT('Origin',(-2.475,-3.0310008278897E-16,0.));
#4495=CARTESIAN_POINT('',(-1.45,7.90475850994777,-1.23076923076923));
#4496=CARTESIAN_POINT('',(-2.475,7.90475850994777,-1.23076923076923));
#4497=CARTESIAN_POINT('Origin',(-1.45,-1.77573785876366E-16,0.));
#4498=CARTESIAN_POINT('Origin',(-2.475,7.70713954719908,-1.2));
#4499=CARTESIAN_POINT('',(-1.05464847582002,7.70713954719908,-1.));
#4500=CARTESIAN_POINT('Ctrl Pts',(-1.05464847582003,7.70713954719906,-1.));
#4501=CARTESIAN_POINT('Ctrl Pts',(-1.06977723667322,7.71594735800517,-0.999999999999999));
#4502=CARTESIAN_POINT('Ctrl Pts',(-1.08467649899744,7.72454563547434,-1.00058376258424));
#4503=CARTESIAN_POINT('Ctrl Pts',(-1.17991415041717,7.77907554881138,-1.00764718720945));
#4504=CARTESIAN_POINT('Ctrl Pts',(-1.27552765774257,7.83159490582615,-1.03263273411503));
#4505=CARTESIAN_POINT('Ctrl Pts',(-1.3771129201057,7.88164020225713,-1.09932375165909));
#4506=CARTESIAN_POINT('Ctrl Pts',(-1.4095961847251,7.89658345495867,-1.12793491271129));
#4507=CARTESIAN_POINT('Ctrl Pts',(-1.43495494680306,7.90517450061701,-1.17021544733596));
#4508=CARTESIAN_POINT('Ctrl Pts',(-1.44053389177143,7.90669766448083,-1.18189053768469));
#4509=CARTESIAN_POINT('Ctrl Pts',(-1.44806112139882,7.907406954855,-1.20629475784632));
#4510=CARTESIAN_POINT('Ctrl Pts',(-1.45,7.90658677736551,-1.21902697067082));
#4511=CARTESIAN_POINT('Ctrl Pts',(-1.45,7.90475850994777,-1.23076923076923));
#4512=CARTESIAN_POINT('',(-2.475,7.70713954719908,-1.));
#4513=CARTESIAN_POINT('Origin',(-1.75,7.525,-1.));
#4514=CARTESIAN_POINT('Ctrl Pts',(-1.05464847582002,7.70713954719908,-1.));
#4515=CARTESIAN_POINT('Ctrl Pts',(-0.558538997008805,7.41830965089168,-1.));
#4516=CARTESIAN_POINT('Ctrl Pts',(-0.0982926561809991,7.14999999999995,
-1.));
#4517=CARTESIAN_POINT('Origin',(-2.475,7.70713954719908,1.2));
#4518=CARTESIAN_POINT('',(-1.45,7.90475850994777,1.23076923076923));
#4519=CARTESIAN_POINT('',(-2.475,7.90475850994777,1.23076923076923));
#4520=CARTESIAN_POINT('',(-1.05464847582002,7.70713954719908,1.));
#4521=CARTESIAN_POINT('Ctrl Pts',(-1.45,7.90475850994777,1.23076923076923));
#4522=CARTESIAN_POINT('Ctrl Pts',(-1.45,7.90658677736551,1.21902697067082));
#4523=CARTESIAN_POINT('Ctrl Pts',(-1.44806112139882,7.907406954855,1.20629475784632));
#4524=CARTESIAN_POINT('Ctrl Pts',(-1.44053389177143,7.90669766448083,1.18189053768469));
#4525=CARTESIAN_POINT('Ctrl Pts',(-1.43495494680306,7.90517450061701,1.17021544733596));
#4526=CARTESIAN_POINT('Ctrl Pts',(-1.4095961847251,7.89658345495866,1.12793491271129));
#4527=CARTESIAN_POINT('Ctrl Pts',(-1.3771129201057,7.88164020225713,1.09932375165909));
#4528=CARTESIAN_POINT('Ctrl Pts',(-1.27552765774257,7.83159490582615,1.03263273411503));
#4529=CARTESIAN_POINT('Ctrl Pts',(-1.17991415041717,7.77907554881138,1.00764718720945));
#4530=CARTESIAN_POINT('Ctrl Pts',(-1.08467649899744,7.72454563547434,1.00058376258424));
#4531=CARTESIAN_POINT('Ctrl Pts',(-1.06977723667322,7.71594735800517,0.999999999999999));
#4532=CARTESIAN_POINT('Ctrl Pts',(-1.05464847582003,7.70713954719906,1.));
#4533=CARTESIAN_POINT('',(-2.475,7.70713954719908,1.));
#4534=CARTESIAN_POINT('Origin',(-2.475,-3.0310008278897E-16,0.));
#4535=CARTESIAN_POINT('',(-1.45,1.23076923076923,7.90475850994777));
#4536=CARTESIAN_POINT('',(-2.475,1.23076923076923,7.90475850994777));
#4537=CARTESIAN_POINT('Origin',(-1.45,-1.77573785876366E-16,0.));
#4538=CARTESIAN_POINT('Origin',(-2.475,-1.2,7.70713954719908));
#4539=CARTESIAN_POINT('',(-1.45,-1.23076923076923,7.90475850994777));
#4540=CARTESIAN_POINT('',(-2.475,-1.23076923076923,7.90475850994777));
#4541=CARTESIAN_POINT('',(-1.05464847582005,-1.,7.70713954719908));
#4542=CARTESIAN_POINT('Ctrl Pts',(-1.45,-1.23076923076923,7.90475850994777));
#4543=CARTESIAN_POINT('Ctrl Pts',(-1.45,-1.21902697067082,7.90658677736551));
#4544=CARTESIAN_POINT('Ctrl Pts',(-1.44806112139882,-1.20629475784632,7.907406954855));
#4545=CARTESIAN_POINT('Ctrl Pts',(-1.44053389177143,-1.18189053768469,7.90669766448083));
#4546=CARTESIAN_POINT('Ctrl Pts',(-1.43495494680306,-1.17021544733596,7.90517450061701));
#4547=CARTESIAN_POINT('Ctrl Pts',(-1.4095961847251,-1.12793491271129,7.89658345495867));
#4548=CARTESIAN_POINT('Ctrl Pts',(-1.3771129201057,-1.09932375165909,7.88164020225712));
#4549=CARTESIAN_POINT('Ctrl Pts',(-1.27552765774257,-1.03263273411503,7.83159490582614));
#4550=CARTESIAN_POINT('Ctrl Pts',(-1.17991415041716,-1.00764718720945,7.77907554881139));
#4551=CARTESIAN_POINT('Ctrl Pts',(-1.08467649899744,-1.00058376258424,7.72454563547434));
#4552=CARTESIAN_POINT('Ctrl Pts',(-1.06977723667323,-1.,7.71594735800518));
#4553=CARTESIAN_POINT('Ctrl Pts',(-1.05464847582005,-1.,7.70713954719908));
#4554=CARTESIAN_POINT('',(-2.475,-1.,7.70713954719908));
#4555=CARTESIAN_POINT('Origin',(-2.475,-3.0310008278897E-16,0.));
#4556=CARTESIAN_POINT('Origin',(-1.45,-1.77573785876366E-16,0.));
#4557=CARTESIAN_POINT('Origin',(-2.475,1.2,7.70713954719908));
#4558=CARTESIAN_POINT('',(-1.05464847582005,1.,7.70713954719908));
#4559=CARTESIAN_POINT('Ctrl Pts',(-1.05464847582005,1.,7.70713954719908));
#4560=CARTESIAN_POINT('Ctrl Pts',(-1.06977723667323,1.,7.71594735800518));
#4561=CARTESIAN_POINT('Ctrl Pts',(-1.08467649899744,1.00058376258424,7.72454563547434));
#4562=CARTESIAN_POINT('Ctrl Pts',(-1.17991415041716,1.00764718720945,7.77907554881138));
#4563=CARTESIAN_POINT('Ctrl Pts',(-1.27552765774257,1.03263273411503,7.83159490582615));
#4564=CARTESIAN_POINT('Ctrl Pts',(-1.3771129201057,1.09932375165909,7.88164020225713));
#4565=CARTESIAN_POINT('Ctrl Pts',(-1.4095961847251,1.12793491271129,7.89658345495866));
#4566=CARTESIAN_POINT('Ctrl Pts',(-1.43495494680306,1.17021544733596,7.90517450061701));
#4567=CARTESIAN_POINT('Ctrl Pts',(-1.44053389177143,1.18189053768469,7.90669766448083));
#4568=CARTESIAN_POINT('Ctrl Pts',(-1.44806112139882,1.20629475784632,7.907406954855));
#4569=CARTESIAN_POINT('Ctrl Pts',(-1.45,1.21902697067082,7.90658677736551));
#4570=CARTESIAN_POINT('Ctrl Pts',(-1.45,1.23076923076923,7.90475850994777));
#4571=CARTESIAN_POINT('',(-2.475,1.,7.70713954719908));
#4572=CARTESIAN_POINT('Origin',(-1.75,0.999999999999998,-7.525));
#4573=CARTESIAN_POINT('Ctrl Pts',(-0.0982926561809784,0.999999999999998,
-7.14999999999995));
#4574=CARTESIAN_POINT('Ctrl Pts',(-0.558538996925768,0.999999999999998,
-7.41830965084333));
#4575=CARTESIAN_POINT('Ctrl Pts',(-1.05464847582005,0.999999999999998,-7.70713954719908));
#4576=CARTESIAN_POINT('Origin',(-1.75,-7.525,-0.999999999999999));
#4577=CARTESIAN_POINT('Ctrl Pts',(-0.0982926561809895,-7.14999999999995,
-0.999999999999999));
#4578=CARTESIAN_POINT('Ctrl Pts',(-0.55853899698,-7.41830965087491,-0.999999999999999));
#4579=CARTESIAN_POINT('Ctrl Pts',(-1.05464847582002,-7.70713954719908,-1.));
#4580=CARTESIAN_POINT('Origin',(-1.75,1.,7.525));
#4581=CARTESIAN_POINT('Ctrl Pts',(-1.05464847582005,1.,7.70713954719908));
#4582=CARTESIAN_POINT('Ctrl Pts',(-0.558538996925503,1.,7.41830965084317));
#4583=CARTESIAN_POINT('Ctrl Pts',(-0.0982926561809781,1.,7.14999999999995));
#4584=CARTESIAN_POINT('Origin',(-1.75,-1.,7.525));
#4585=CARTESIAN_POINT('Ctrl Pts',(-0.0982926561809772,-1.,7.14999999999995));
#4586=CARTESIAN_POINT('Ctrl Pts',(-0.55853899692571,-1.,7.4183096508433));
#4587=CARTESIAN_POINT('Ctrl Pts',(-1.05464847582005,-1.,7.70713954719908));
#4588=CARTESIAN_POINT('Origin',(-0.725000000000001,-8.87868929381832E-17,
0.));
#4589=CARTESIAN_POINT('Origin',(-6.93889390390723E-16,-9.24446373305873E-32,
0.));
#4590=CARTESIAN_POINT('Ctrl Pts',(-0.0982926561809983,7.14999999999995,
1.));
#4591=CARTESIAN_POINT('Ctrl Pts',(-0.558538997008805,7.41830965089168,1.));
#4592=CARTESIAN_POINT('Ctrl Pts',(-1.05464847582002,7.70713954719908,1.));
#4593=CARTESIAN_POINT('Origin',(-0.725000000000001,-8.87868929381832E-17,
0.));
#4594=CARTESIAN_POINT('Origin',(-6.93889390390723E-16,-9.24446373305873E-32,
0.));
#4595=CARTESIAN_POINT('Origin',(-0.725000000000001,-8.87868929381832E-17,
0.));
#4596=CARTESIAN_POINT('Origin',(-6.93889390390723E-16,-9.24446373305873E-32,
0.));
#4597=CARTESIAN_POINT('Origin',(-0.725000000000001,-8.87868929381832E-17,
0.));
#4598=CARTESIAN_POINT('Origin',(-6.93889390390723E-16,-9.24446373305873E-32,
0.));
#4599=CARTESIAN_POINT('Origin',(-1.1100874993536E-15,3.58142105483752,0.));
#4600=CARTESIAN_POINT('',(-1.42867746987913E-15,6.,7.34763812293426E-16));
#4601=CARTESIAN_POINT('Origin',(-6.93889390390723E-16,5.39260384428426E-32,
0.));
#4602=CARTESIAN_POINT('Origin',(-1.75,7.525,1.));
#4603=CARTESIAN_POINT('Origin',(-3.25,-3.9801020972289E-16,0.));
#4604=CARTESIAN_POINT('',(-3.,-5.5,-6.73533494602307E-16));
#4605=CARTESIAN_POINT('',(-3.25,-5.75,7.04171909509728E-16));
#4606=CARTESIAN_POINT('Origin',(-3.,-3.67394039744206E-16,0.));
#4607=CARTESIAN_POINT('Origin',(-22.8965062837106,-2.80401331320035E-15,
0.));
#4608=CARTESIAN_POINT('',(-0.499999999999999,5.5,-6.73533494602307E-16));
#4609=CARTESIAN_POINT('',(-0.499999999999998,-5.5,-6.73555739531044E-16));
#4610=CARTESIAN_POINT('Origin',(-0.499999999999998,-6.12323399573673E-17,
0.));
#4611=CARTESIAN_POINT('Origin',(-0.499999999999998,-6.12323399573673E-17,
0.));
#4612=CARTESIAN_POINT('',(-22.8965062837106,-5.5,-6.73555739531044E-16));
#4613=CARTESIAN_POINT('Origin',(-0.249999999999999,-3.06161699786836E-17,
0.));
#4614=CARTESIAN_POINT('',(-0.25,5.75,7.04171909509728E-16));
#4615=CARTESIAN_POINT('',(0.,0.,0.));
#4616=CARTESIAN_POINT('Origin',(0.,0.,2.33621339458021));
#4617=CARTESIAN_POINT('',(4.23119448413102,6.67135617677989,2.17242678916042));
#4618=CARTESIAN_POINT('',(6.06217782649107,3.5,2.5));
#4619=CARTESIAN_POINT('Ctrl Pts',(4.23119448413102,6.67135617677989,2.17242678916042));
#4620=CARTESIAN_POINT('Ctrl Pts',(5.20198430994609,4.98989887499725,2.5));
#4621=CARTESIAN_POINT('Ctrl Pts',(6.06217782649107,3.5,2.5));
#4622=CARTESIAN_POINT('',(3.66196668472011,7.,2.17242678916042));
#4623=CARTESIAN_POINT('Origin',(0.,0.,2.17242678916042));
#4624=CARTESIAN_POINT('',(3.05311331771918E-15,7.,2.5));
#4625=CARTESIAN_POINT('Ctrl Pts',(3.1294877204199E-15,7.,2.5));
#4626=CARTESIAN_POINT('Ctrl Pts',(1.72038703308997,7.,2.5));
#4627=CARTESIAN_POINT('Ctrl Pts',(3.66196668472011,7.,2.17242678916042));
#4628=CARTESIAN_POINT('Origin',(0.,0.,2.5));
#4629=CARTESIAN_POINT('Origin',(0.,0.,2.33621339458021));
#4630=CARTESIAN_POINT('',(-6.06217782649107,3.5,2.5));
#4631=CARTESIAN_POINT('',(-4.23119448413102,6.67135617677989,2.17242678916042));
#4632=CARTESIAN_POINT('Ctrl Pts',(-6.06217782649107,3.5,2.5));
#4633=CARTESIAN_POINT('Ctrl Pts',(-5.20198430994608,4.98989887499727,2.5));
#4634=CARTESIAN_POINT('Ctrl Pts',(-4.23119448413101,6.6713561767799,2.17242678916042));
#4635=CARTESIAN_POINT('Origin',(0.,0.,2.5));
#4636=CARTESIAN_POINT('',(-3.6619666847201,7.,2.17242678916042));
#4637=CARTESIAN_POINT('Ctrl Pts',(-3.66196668472011,7.,2.17242678916042));
#4638=CARTESIAN_POINT('Ctrl Pts',(-1.72038703308997,7.,2.5));
#4639=CARTESIAN_POINT('Ctrl Pts',(3.1294877204199E-15,7.,2.5));
#4640=CARTESIAN_POINT('Origin',(0.,0.,2.17242678916042));
#4641=CARTESIAN_POINT('Origin',(0.,0.,2.33621339458021));
#4642=CARTESIAN_POINT('',(-6.06217782649107,-3.5,2.5));
#4643=CARTESIAN_POINT('',(-7.89316116885112,-0.328643823220104,2.17242678916042));
#4644=CARTESIAN_POINT('Ctrl Pts',(-6.06217782649107,-3.5,2.5));
#4645=CARTESIAN_POINT('Ctrl Pts',(-6.92237134303607,-2.01010112500272,2.5));
#4646=CARTESIAN_POINT('Ctrl Pts',(-7.89316116885112,-0.328643823220103,
2.17242678916042));
#4647=CARTESIAN_POINT('Origin',(0.,0.,2.5));
#4648=CARTESIAN_POINT('',(-7.89316116885112,0.328643823220104,2.17242678916042));
#4649=CARTESIAN_POINT('Ctrl Pts',(-7.89316116885113,0.328643823220101,2.17242678916042));
#4650=CARTESIAN_POINT('Ctrl Pts',(-6.92237134303606,2.01010112500273,2.5));
#4651=CARTESIAN_POINT('Ctrl Pts',(-6.06217782649107,3.5,2.5));
#4652=CARTESIAN_POINT('Origin',(0.,0.,2.17242678916042));
#4653=CARTESIAN_POINT('Origin',(0.,0.,2.33621339458021));
#4654=CARTESIAN_POINT('',(7.89316116885112,-0.328643823220108,2.17242678916042));
#4655=CARTESIAN_POINT('',(6.06217782649107,-3.5,2.5));
#4656=CARTESIAN_POINT('Ctrl Pts',(7.89316116885112,-0.328643823220106,2.17242678916042));
#4657=CARTESIAN_POINT('Ctrl Pts',(6.92237134303606,-2.01010112500273,2.5));
#4658=CARTESIAN_POINT('Ctrl Pts',(6.06217782649107,-3.5,2.5));
#4659=CARTESIAN_POINT('',(7.89316116885112,0.328643823220108,2.17242678916042));
#4660=CARTESIAN_POINT('Origin',(0.,0.,2.17242678916042));
#4661=CARTESIAN_POINT('Ctrl Pts',(6.06217782649107,3.5,2.5));
#4662=CARTESIAN_POINT('Ctrl Pts',(6.92237134303606,2.01010112500274,2.5));
#4663=CARTESIAN_POINT('Ctrl Pts',(7.89316116885112,0.328643823220109,2.17242678916042));
#4664=CARTESIAN_POINT('Origin',(0.,0.,2.5));
#4665=CARTESIAN_POINT('Origin',(0.,0.,2.33621339458021));
#4666=CARTESIAN_POINT('',(-2.22044604925031E-15,-7.,2.5));
#4667=CARTESIAN_POINT('',(-3.66196668472011,-7.,2.17242678916042));
#4668=CARTESIAN_POINT('Ctrl Pts',(-2.0863251469466E-15,-7.,2.5));
#4669=CARTESIAN_POINT('Ctrl Pts',(-1.72038703308997,-7.,2.5));
#4670=CARTESIAN_POINT('Ctrl Pts',(-3.66196668472011,-7.,2.17242678916042));
#4671=CARTESIAN_POINT('Origin',(0.,0.,2.5));
#4672=CARTESIAN_POINT('',(-4.23119448413102,-6.67135617677989,2.17242678916042));
#4673=CARTESIAN_POINT('Ctrl Pts',(-4.23119448413102,-6.67135617677989,2.17242678916042));
#4674=CARTESIAN_POINT('Ctrl Pts',(-5.20198430994607,-4.98989887499727,2.5));
#4675=CARTESIAN_POINT('Ctrl Pts',(-6.06217782649107,-3.5,2.5));
#4676=CARTESIAN_POINT('Origin',(0.,0.,2.17242678916042));
#4677=CARTESIAN_POINT('Origin',(0.,0.,2.33621339458021));
#4678=CARTESIAN_POINT('',(3.6619666847201,-7.,2.17242678916042));
#4679=CARTESIAN_POINT('Ctrl Pts',(3.66196668472011,-7.,2.17242678916042));
#4680=CARTESIAN_POINT('Ctrl Pts',(1.72038703308997,-7.,2.5));
#4681=CARTESIAN_POINT('Ctrl Pts',(-2.0863251469466E-15,-7.,2.5));
#4682=CARTESIAN_POINT('',(4.23119448413102,-6.67135617677989,2.17242678916042));
#4683=CARTESIAN_POINT('Origin',(0.,0.,2.17242678916042));
#4684=CARTESIAN_POINT('Ctrl Pts',(6.06217782649107,-3.5,2.5));
#4685=CARTESIAN_POINT('Ctrl Pts',(5.20198430994608,-4.98989887499727,2.5));
#4686=CARTESIAN_POINT('Ctrl Pts',(4.23119448413102,-6.67135617677989,2.17242678916042));
#4687=CARTESIAN_POINT('Origin',(0.,0.,2.5));
#4688=CARTESIAN_POINT('Origin',(0.,0.,0.163786605419791));
#4689=CARTESIAN_POINT('',(7.89316116885113,0.328643823220106,0.327573210839582));
#4690=CARTESIAN_POINT('',(6.06217782649107,3.5,0.));
#4691=CARTESIAN_POINT('Ctrl Pts',(7.89316116885112,0.328643823220108,0.327573210839582));
#4692=CARTESIAN_POINT('Ctrl Pts',(6.92237134303606,2.01010112500274,4.16333634234434E-16));
#4693=CARTESIAN_POINT('Ctrl Pts',(6.06217782649107,3.5,5.89805981832114E-16));
#4694=CARTESIAN_POINT('',(7.89316116885113,-0.328643823220103,0.327573210839582));
#4695=CARTESIAN_POINT('Origin',(0.,0.,0.327573210839582));
#4696=CARTESIAN_POINT('',(6.06217782649107,-3.5,0.));
#4697=CARTESIAN_POINT('Ctrl Pts',(6.06217782649107,-3.5,1.04083408558608E-16));
#4698=CARTESIAN_POINT('Ctrl Pts',(6.92237134303607,-2.01010112500272,-6.50521303491304E-16));
#4699=CARTESIAN_POINT('Ctrl Pts',(7.89316116885113,-0.328643823220101,0.327573210839582));
#4700=CARTESIAN_POINT('Origin',(0.,0.,0.));
#4701=CARTESIAN_POINT('Origin',(0.,0.,0.163786605419791));
#4702=CARTESIAN_POINT('',(3.66196668472011,7.,0.327573210839582));
#4703=CARTESIAN_POINT('',(3.05311331771918E-15,7.,0.));
#4704=CARTESIAN_POINT('Ctrl Pts',(3.66196668472011,7.,0.327573210839581));
#4705=CARTESIAN_POINT('Ctrl Pts',(1.72038703308998,7.,8.45677694538694E-17));
#4706=CARTESIAN_POINT('Ctrl Pts',(3.1294877204199E-15,7.,5.89805981832114E-16));
#4707=CARTESIAN_POINT('',(4.23119448413102,6.6713561767799,0.327573210839583));
#4708=CARTESIAN_POINT('Origin',(0.,0.,0.327573210839583));
#4709=CARTESIAN_POINT('Ctrl Pts',(6.06217782649107,3.5,5.89805981832114E-16));
#4710=CARTESIAN_POINT('Ctrl Pts',(5.20198430994608,4.98989887499726,7.63278329429795E-16));
#4711=CARTESIAN_POINT('Ctrl Pts',(4.23119448413102,6.67135617677989,0.327573210839582));
#4712=CARTESIAN_POINT('Origin',(0.,0.,0.));
#4713=CARTESIAN_POINT('Origin',(0.,0.,0.163786605419791));
#4714=CARTESIAN_POINT('',(-2.22044604925031E-15,-7.,0.));
#4715=CARTESIAN_POINT('',(3.66196668472011,-7.,0.327573210839583));
#4716=CARTESIAN_POINT('Ctrl Pts',(-2.0863251469466E-15,-7.,5.89805981832114E-16));
#4717=CARTESIAN_POINT('Ctrl Pts',(1.72038703308997,-7.,1.13841228110978E-15));
#4718=CARTESIAN_POINT('Ctrl Pts',(3.6619666847201,-7.,0.327573210839582));
#4719=CARTESIAN_POINT('Origin',(0.,0.,0.));
#4720=CARTESIAN_POINT('',(4.23119448413102,-6.67135617677989,0.327573210839582));
#4721=CARTESIAN_POINT('Ctrl Pts',(4.23119448413101,-6.6713561767799,0.327573210839582));
#4722=CARTESIAN_POINT('Ctrl Pts',(5.20198430994607,-4.98989887499727,8.5868812060852E-16));
#4723=CARTESIAN_POINT('Ctrl Pts',(6.06217782649107,-3.5,1.04083408558608E-16));
#4724=CARTESIAN_POINT('Origin',(0.,0.,0.327573210839583));
#4725=CARTESIAN_POINT('Origin',(0.,0.,0.163786605419791));
#4726=CARTESIAN_POINT('',(-6.06217782649107,-3.5,0.));
#4727=CARTESIAN_POINT('',(-4.23119448413102,-6.6713561767799,0.327573210839582));
#4728=CARTESIAN_POINT('Ctrl Pts',(-6.06217782649107,-3.5,1.38777878078145E-16));
#4729=CARTESIAN_POINT('Ctrl Pts',(-5.20198430994607,-4.98989887499728,-9.2590865530262E-16));
#4730=CARTESIAN_POINT('Ctrl Pts',(-4.23119448413102,-6.6713561767799,0.327573210839582));
#4731=CARTESIAN_POINT('Origin',(0.,0.,0.));
#4732=CARTESIAN_POINT('',(-3.66196668472011,-7.,0.327573210839582));
#4733=CARTESIAN_POINT('Ctrl Pts',(-3.66196668472011,-7.,0.327573210839582));
#4734=CARTESIAN_POINT('Ctrl Pts',(-1.72038703308998,-7.,4.11996825544491E-17));
#4735=CARTESIAN_POINT('Ctrl Pts',(-2.0863251469466E-15,-7.,5.89805981832114E-16));
#4736=CARTESIAN_POINT('Origin',(0.,0.,0.327573210839583));
#4737=CARTESIAN_POINT('Origin',(0.,0.,0.163786605419791));
#4738=CARTESIAN_POINT('',(-3.66196668472011,7.,0.327573210839582));
#4739=CARTESIAN_POINT('Ctrl Pts',(3.1294877204199E-15,7.,5.89805981832114E-16));
#4740=CARTESIAN_POINT('Ctrl Pts',(-1.72038703308997,7.,1.09504419421036E-15));
#4741=CARTESIAN_POINT('Ctrl Pts',(-3.6619666847201,7.,0.327573210839582));
#4742=CARTESIAN_POINT('',(-6.06217782649107,3.5,0.));
#4743=CARTESIAN_POINT('Origin',(0.,0.,0.));
#4744=CARTESIAN_POINT('',(-4.23119448413102,6.67135617677989,0.327573210839582));
#4745=CARTESIAN_POINT('Ctrl Pts',(-4.23119448413101,6.6713561767799,0.327573210839582));
#4746=CARTESIAN_POINT('Ctrl Pts',(-5.20198430994607,4.98989887499728,8.93382590128056E-16));
#4747=CARTESIAN_POINT('Ctrl Pts',(-6.06217782649107,3.5,1.04083408558608E-16));
#4748=CARTESIAN_POINT('Origin',(0.,0.,0.327573210839583));
#4749=CARTESIAN_POINT('Origin',(0.,0.,0.163786605419791));
#4750=CARTESIAN_POINT('',(-7.89316116885113,0.328643823220104,0.327573210839582));
#4751=CARTESIAN_POINT('Ctrl Pts',(-6.06217782649107,3.5,1.04083408558608E-16));
#4752=CARTESIAN_POINT('Ctrl Pts',(-6.92237134303607,2.01010112500272,-6.8521577301084E-16));
#4753=CARTESIAN_POINT('Ctrl Pts',(-7.89316116885113,0.328643823220101,0.327573210839582));
#4754=CARTESIAN_POINT('Origin',(0.,0.,0.));
#4755=CARTESIAN_POINT('',(-7.89316116885112,-0.328643823220104,0.327573210839582));
#4756=CARTESIAN_POINT('Ctrl Pts',(-7.89316116885113,-0.328643823220102,
0.327573210839581));
#4757=CARTESIAN_POINT('Ctrl Pts',(-6.92237134303607,-2.01010112500272,1.20346441145891E-15));
#4758=CARTESIAN_POINT('Ctrl Pts',(-6.06217782649107,-3.5,1.38777878078145E-16));
#4759=CARTESIAN_POINT('Origin',(0.,0.,0.327573210839583));
#4760=CARTESIAN_POINT('Origin',(0.,0.,0.));
#4761=CARTESIAN_POINT('',(-7.89316116885113,0.328643823220104,0.));
#4762=CARTESIAN_POINT('',(-7.89316116885113,-0.328643823220101,0.));
#4763=CARTESIAN_POINT('Origin',(0.,0.,0.));
#4764=CARTESIAN_POINT('',(-3.66196668472011,7.,0.));
#4765=CARTESIAN_POINT('',(-4.23119448413101,6.6713561767799,0.));
#4766=CARTESIAN_POINT('Origin',(-7.89316116885113,0.328643823220104,0.));
#4767=CARTESIAN_POINT('Origin',(0.,0.,0.));
#4768=CARTESIAN_POINT('',(-4.23119448413102,-6.6713561767799,0.));
#4769=CARTESIAN_POINT('',(-3.66196668472011,-7.,0.));
#4770=CARTESIAN_POINT('Origin',(-3.66196668472011,7.,0.));
#4771=CARTESIAN_POINT('',(3.66196668472011,7.,0.));
#4772=CARTESIAN_POINT('Origin',(3.66196668472011,-7.,0.));
#4773=CARTESIAN_POINT('',(3.66196668472011,-7.,0.));
#4774=CARTESIAN_POINT('Origin',(0.,0.,0.115470053837925));
#4775=CARTESIAN_POINT('',(-5.9,7.22517748755203E-16,0.));
#4776=CARTESIAN_POINT('Origin',(0.,0.,0.));
#4777=CARTESIAN_POINT('',(-5.5,-6.73533494602307E-16,0.23094010767585));
#4778=CARTESIAN_POINT('',(-5.7,6.98048675513991E-16,0.115470053837925));
#4779=CARTESIAN_POINT('Origin',(0.,0.,0.23094010767585));
#4780=CARTESIAN_POINT('Origin',(0.,0.,-18.7577044856683));
#4781=CARTESIAN_POINT('',(5.5,-6.73533494602307E-16,2.26905989232415));
#4782=CARTESIAN_POINT('',(-5.5,-6.73555739531044E-16,2.26905989232415));
#4783=CARTESIAN_POINT('Origin',(0.,0.,2.26905989232415));
#4784=CARTESIAN_POINT('Origin',(0.,0.,2.26905989232415));
#4785=CARTESIAN_POINT('',(-5.5,-6.73555739531044E-16,-18.7577044856683));
#4786=CARTESIAN_POINT('Origin',(9.36750677027476E-16,-8.67361737988404E-17,
0.));
#4787=CARTESIAN_POINT('Origin',(0.,0.,2.38452994616208));
#4788=CARTESIAN_POINT('',(5.9,7.22517748755203E-16,2.5));
#4789=CARTESIAN_POINT('Origin',(0.,0.,2.5));
#4790=CARTESIAN_POINT('',(5.7,6.98048675513991E-16,2.38452994616208));
#4791=CARTESIAN_POINT('Origin',(1.04083408558608E-15,-2.50881139852173E-16,
2.5));
#4792=CARTESIAN_POINT('Origin',(0.,0.,0.));
#4793=CARTESIAN_POINT('',(7.89316116885113,-0.328643823220103,0.));
#4794=CARTESIAN_POINT('',(7.89316116885113,0.328643823220106,0.));
#4795=CARTESIAN_POINT('Origin',(7.89316116885113,-0.328643823220103,0.));
#4796=CARTESIAN_POINT('',(4.23119448413102,-6.6713561767799,0.));
#4797=CARTESIAN_POINT('Origin',(0.,0.,0.));
#4798=CARTESIAN_POINT('Origin',(-4.23119448413102,-6.6713561767799,0.));
#4799=CARTESIAN_POINT('Origin',(0.,0.,0.));
#4800=CARTESIAN_POINT('',(4.23119448413102,6.6713561767799,0.));
#4801=CARTESIAN_POINT('Origin',(4.23119448413102,6.6713561767799,0.));
#4802=CARTESIAN_POINT('',(0.,0.,0.));
#4803=CARTESIAN_POINT('',(-0.700000000000002,-2.14313189850787E-16,5.66060146026208E-48));
#4804=CARTESIAN_POINT('',(-9.15,-3.56678380251666E-15,1.62536650805123E-15));
#4805=UNCERTAINTY_MEASURE_WITH_UNIT(LENGTH_MEASURE(0.01),#4815,
'DISTANCE_ACCURACY_VALUE',
'Maximum model space distance between geometric entities at asserted c
onnectivities');
#4806=UNCERTAINTY_MEASURE_WITH_UNIT(LENGTH_MEASURE(0.01),#4815,
'DISTANCE_ACCURACY_VALUE',
'Maximum model space distance between geometric entities at asserted c
onnectivities');
#4807=UNCERTAINTY_MEASURE_WITH_UNIT(LENGTH_MEASURE(0.01),#4815,
'DISTANCE_ACCURACY_VALUE',
'Maximum model space distance between geometric entities at asserted c
onnectivities');
#4808=UNCERTAINTY_MEASURE_WITH_UNIT(LENGTH_MEASURE(0.01),#4815,
'DISTANCE_ACCURACY_VALUE',
'Maximum model space distance between geometric entities at asserted c
onnectivities');
#4809=UNCERTAINTY_MEASURE_WITH_UNIT(LENGTH_MEASURE(0.01),#4815,
'DISTANCE_ACCURACY_VALUE',
'Maximum model space distance between geometric entities at asserted c
onnectivities');
#4810=(
GEOMETRIC_REPRESENTATION_CONTEXT(3)
GLOBAL_UNCERTAINTY_ASSIGNED_CONTEXT((#4805))
GLOBAL_UNIT_ASSIGNED_CONTEXT((#4815,#4817,#4818))
REPRESENTATION_CONTEXT('','3D')
);
#4811=(
GEOMETRIC_REPRESENTATION_CONTEXT(3)
GLOBAL_UNCERTAINTY_ASSIGNED_CONTEXT((#4806))
GLOBAL_UNIT_ASSIGNED_CONTEXT((#4815,#4817,#4818))
REPRESENTATION_CONTEXT('','3D')
);
#4812=(
GEOMETRIC_REPRESENTATION_CONTEXT(3)
GLOBAL_UNCERTAINTY_ASSIGNED_CONTEXT((#4807))
GLOBAL_UNIT_ASSIGNED_CONTEXT((#4815,#4817,#4818))
REPRESENTATION_CONTEXT('','3D')
);
#4813=(
GEOMETRIC_REPRESENTATION_CONTEXT(3)
GLOBAL_UNCERTAINTY_ASSIGNED_CONTEXT((#4808))
GLOBAL_UNIT_ASSIGNED_CONTEXT((#4815,#4817,#4818))
REPRESENTATION_CONTEXT('','3D')
);
#4814=(
GEOMETRIC_REPRESENTATION_CONTEXT(3)
GLOBAL_UNCERTAINTY_ASSIGNED_CONTEXT((#4809))
GLOBAL_UNIT_ASSIGNED_CONTEXT((#4815,#4817,#4818))
REPRESENTATION_CONTEXT('','3D')
);
#4815=(
LENGTH_UNIT()
NAMED_UNIT(*)
SI_UNIT(.MILLI.,.METRE.)
);
#4816=(
LENGTH_UNIT()
NAMED_UNIT(*)
SI_UNIT(.CENTI.,.METRE.)
);
#4817=(
NAMED_UNIT(*)
PLANE_ANGLE_UNIT()
SI_UNIT($,.RADIAN.)
);
#4818=(
NAMED_UNIT(*)
SI_UNIT($,.STERADIAN.)
SOLID_ANGLE_UNIT()
);
#4819=SHAPE_DEFINITION_REPRESENTATION(#4823,#4830);
#4820=SHAPE_DEFINITION_REPRESENTATION(#4824,#4831);
#4821=SHAPE_DEFINITION_REPRESENTATION(#4825,#4832);
#4822=SHAPE_DEFINITION_REPRESENTATION(#4826,#4833);
#4823=PRODUCT_DEFINITION_SHAPE('',$,#4835);
#4824=PRODUCT_DEFINITION_SHAPE('',$,#4836);
#4825=PRODUCT_DEFINITION_SHAPE('',$,#4837);
#4826=PRODUCT_DEFINITION_SHAPE('',$,#4838);
#4827=PRODUCT_DEFINITION_SHAPE($,$,#20);
#4828=PRODUCT_DEFINITION_SHAPE($,$,#21);
#4829=PRODUCT_DEFINITION_SHAPE($,$,#22);
#4830=SHAPE_REPRESENTATION('',(#2635,#2976,#2977,#2978),#4810);
#4831=SHAPE_REPRESENTATION('',(#2636),#4811);
#4832=SHAPE_REPRESENTATION('',(#2834),#4812);
#4833=SHAPE_REPRESENTATION('',(#2917),#4813);
#4834=PRODUCT_DEFINITION_CONTEXT('part definition',#4848,'design');
#4835=PRODUCT_DEFINITION('ECZ.1B.310.ZZN','ECZ.1B.310.ZZN',#4839,#4834);
#4836=PRODUCT_DEFINITION('ECZ.1B.310.ZZN_1','ECZ.1B.310.ZZN',#4840,#4834);
#4837=PRODUCT_DEFINITION('GEG.1S.240.LZ','GEG.1S.240.LZ',#4841,#4834);
#4838=PRODUCT_DEFINITION('GEA.1S.240.LZ','GEA.1S.240.LZ',#4842,#4834);
#4839=PRODUCT_DEFINITION_FORMATION('00',$,#4850);
#4840=PRODUCT_DEFINITION_FORMATION('00',$,#4851);
#4841=PRODUCT_DEFINITION_FORMATION('06',$,#4852);
#4842=PRODUCT_DEFINITION_FORMATION('04',$,#4853);
#4843=PRODUCT_RELATED_PRODUCT_CATEGORY('ECZ.1B.310.ZZN',
'ECZ.1B.310.ZZN',(#4850));
#4844=PRODUCT_RELATED_PRODUCT_CATEGORY('ECZ.1B.310.ZZN',
'ECZ.1B.310.ZZN',(#4851));
#4845=PRODUCT_RELATED_PRODUCT_CATEGORY('GEG.1S.240.LZ','GEG.1S.240.LZ',
(#4852));
#4846=PRODUCT_RELATED_PRODUCT_CATEGORY('GEA.1S.240.LZ','GEA.1S.240.LZ',
(#4853));
#4847=APPLICATION_PROTOCOL_DEFINITION('international standard',
'automotive_design',2009,#4848);
#4848=APPLICATION_CONTEXT(
'Core Data for Automotive Mechanical Design Process');
#4849=PRODUCT_CONTEXT('part definition',#4848,'mechanical');
#4850=PRODUCT('ECZ.1B.310.ZZN','ECZ.1B.310.ZZN',$,(#4849));
#4851=PRODUCT('ECZ.1B.310.ZZN_1','ECZ.1B.310.ZZN',$,(#4849));
#4852=PRODUCT('GEG.1S.240.LZ','GEG.1S.240.LZ',$,(#4849));
#4853=PRODUCT('GEA.1S.240.LZ','GEA.1S.240.LZ',$,(#4849));
ENDSEC;
END-ISO-10303-21;
